{
  "generated_at": "2026-07-06T17:44:29.314246",
  "budget": 100000.0,
  "target_return_range": [
    2.0,
    15.0
  ],
  "suggestions": [
    {
      "symbols": [
        "9984.T",
        "4519.T",
        "2561.T",
        "7267.T",
        "4478.T",
        "8316.T",
        "8001.T",
        "1343.T",
        "8411.T",
        "6902.T",
        "4502.T",
        "4385.T",
        "7203.T",
        "6758.T",
        "8058.T",
        "6501.T",
        "9983.T",
        "4689.T",
        "9432.T",
        "8031.T",
        "6954.T",
        "8306.T",
        "2914.T",
        "6861.T",
        "7269.T",
        "4661.T",
        "3923.T"
      ],
      "weights": [
        0.03703703703703704,
        0.03703703703703704,
        0.03703703703703704,
        0.03703703703703704,
        0.03703703703703704,
        0.03703703703703704,
        0.03703703703703704,
        0.03703703703703704,
        0.03703703703703704,
        0.03703703703703704,
        0.03703703703703704,
        0.03703703703703704,
        0.03703703703703704,
        0.03703703703703704,
        0.03703703703703704,
        0.03703703703703704,
        0.03703703703703704,
        0.03703703703703704,
        0.03703703703703704,
        0.03703703703703704,
        0.03703703703703704,
        0.03703703703703704,
        0.03703703703703704,
        0.03703703703703704,
        0.03703703703703704,
        0.03703703703703704,
        0.03703703703703704
      ],
      "shares": [
        0,
        0,
        1,
        2,
        1,
        0,
        1,
        1,
        0,
        1,
        0,
        0,
        1,
        1,
        0,
        0,
        0,
        8,
        25,
        0,
        0,
        1,
        0,
        0,
        1,
        1,
        3
      ],
      "expected_return": 0.7891227007236784,
      "expected_risk": 1.4768812690803976,
      "sharpe_ratio": 0.930721683475527,
      "total_value": 37469.60025024414,
      "strategy": "max_sharpe",
      "portfolio_id": null
    },
    {
      "symbols": [
        "9984.T",
        "4519.T",
        "2561.T",
        "7267.T",
        "4478.T",
        "8316.T",
        "8001.T",
        "1343.T",
        "8411.T",
        "6902.T",
        "4502.T",
        "4385.T",
        "7203.T",
        "6758.T",
        "8058.T",
        "6501.T",
        "9983.T",
        "4689.T",
        "9432.T",
        "8031.T",
        "6954.T",
        "8306.T",
        "2914.T",
        "6861.T",
        "7269.T",
        "4661.T",
        "3923.T"
      ],
      "weights": [
        8.690734522543191e-16,
        0.0,
        0.3999999999999986,
        6.356016624727692e-16,
        0.018562170430529257,
        0.0,
        0.0,
        2.8020110659453943e-16,
        0.011171850184337513,
        0.0,
        0.11716460623168558,
        0.0,
        4.134815496669382e-16,
        0.0,
        1.298846228671001e-15,
        0.0,
        8.807886820072358e-17,
        0.0,
        0.23666816284999057,
        1.3605443581084023e-15,
        3.586032576730778e-16,
        0.06205578371961849,
        0.0,
        0.09757771432783253,
        0.0,
        0.05679971225600214,
        0.0
      ],
      "shares": [
        0,
        0,
        19,
        0,
        0,
        0,
        0,
        0,
        0,
        0,
        2,
        0,
        0,
        0,
        0,
        0,
        0,
        0,
        161,
        0,
        0,
        1,
        0,
        0,
        0,
        2,
        0
      ],
      "expected_return": 1.9999999999999418,
      "expected_risk": 0.6466482186420105,
      "sharpe_ratio": 14.879220792317541,
      "total_value": 80710.10098266602,
      "strategy": "min_variance",
      "portfolio_id": null
    },
    {
      "symbols": [
        "9984.T",
        "4519.T",
        "2561.T",
        "7267.T",
        "4478.T",
        "8316.T",
        "8001.T",
        "1343.T",
        "8411.T",
        "6902.T",
        "4502.T",
        "4385.T",
        "7203.T",
        "6758.T",
        "8058.T",
        "6501.T",
        "9983.T",
        "4689.T",
        "9432.T",
        "8031.T",
        "6954.T",
        "8306.T",
        "2914.T",
        "6861.T",
        "7269.T",
        "4661.T",
        "3923.T"
      ],
      "weights": [
        0.009047781214946576,
        0.009038721589257299,
        0.009049533260796123,
        0.009047536770168191,
        0.31107258383354214,
        0.009153672571247513,
        0.009038307113732436,
        0.009053187977867205,
        0.31104161385262585,
        0.009030093109163884,
        0.009207741533499255,
        0.009101110183211952,
        0.009043663134743312,
        0.0090439870031342,
        0.009039115220798814,
        0.009168921376901857,
        0.009032886683048176,
        0.009024366203036696,
        0.009055085365225281,
        0.009059874296005131,
        0.009035119406822868,
        0.1602321856016643,
        0.009043417615376095,
        0.009142247963223651,
        0.009048169524724406,
        0.009112313819816809,
        0.00903676377542
      ],
      "shares": [
        0,
        0,
        0,
        0,
        14,
        0,
        0,
        0,
        3,
        0,
        0,
        0,
        0,
        0,
        0,
        0,
        0,
        2,
        6,
        0,
        0,
        4,
        0,
        0,
        0,
        0,
        0
      ],
      "expected_return": 8.50000005604401,
      "expected_risk": 2.9594878045496706,
      "sharpe_ratio": 18.209871380083786,
      "total_value": 69027.00006103516,
      "strategy": "target_return",
      "portfolio_id": null
    },
    {
      "symbols": [
        "9984.T",
        "4519.T",
        "2561.T",
        "7267.T",
        "4478.T",
        "8316.T",
        "8001.T",
        "1343.T",
        "8411.T",
        "6902.T",
        "4502.T",
        "4385.T",
        "7203.T",
        "6758.T",
        "8058.T",
        "6501.T",
        "9983.T",
        "4689.T",
        "9432.T",
        "8031.T",
        "6954.T",
        "8306.T",
        "2914.T",
        "6861.T",
        "7269.T",
        "4661.T",
        "3923.T"
      ],
      "weights": [
        0.037037037037037035,
        0.037037037037037035,
        0.037037037037037035,
        0.037037037037037035,
        0.037037037037037035,
        0.037037037037037035,
        0.037037037037037035,
        0.037037037037037035,
        0.037037037037037035,
        0.037037037037037035,
        0.037037037037037035,
        0.037037037037037035,
        0.037037037037037035,
        0.037037037037037035,
        0.037037037037037035,
        0.037037037037037035,
        0.037037037037037035,
        0.037037037037037035,
        0.037037037037037035,
        0.037037037037037035,
        0.037037037037037035,
        0.037037037037037035,
        0.037037037037037035,
        0.037037037037037035,
        0.037037037037037035,
        0.037037037037037035,
        0.037037037037037035
      ],
      "shares": [
        0,
        0,
        1,
        2,
        1,
        0,
        1,
        1,
        0,
        1,
        0,
        0,
        1,
        1,
        0,
        0,
        0,
        8,
        25,
        0,
        0,
        1,
        0,
        0,
        1,
        1,
        3
      ],
      "expected_return": 0.789122700723678,
      "expected_risk": 1.4768812690803976,
      "sharpe_ratio": 0.9307216834755252,
      "total_value": 37469.60025024414,
      "strategy": "equal_weight",
      "portfolio_id": null
    }
  ]
}