{
  "generated_at": "2026-06-30T17:09:05.977848",
  "budget": 100000.0,
  "target_return_range": [
    2.0,
    15.0
  ],
  "suggestions": [
    {
      "symbols": [
        "8058.T",
        "MSFT",
        "SLV",
        "AAPL",
        "V",
        "4689.T",
        "AVGO",
        "HYG",
        "BAC",
        "8316.T",
        "ABBV",
        "NEE",
        "8411.T",
        "TLT",
        "META",
        "AMD",
        "TSLA",
        "COIN",
        "IEF",
        "4661.T",
        "PLTR",
        "NVDA",
        "XOM",
        "BA",
        "KO",
        "8001.T",
        "INTC",
        "SNAP",
        "IAU",
        "1343.T",
        "4502.T",
        "4478.T",
        "6954.T",
        "9983.T",
        "ORCL",
        "LQD",
        "7269.T",
        "SHY",
        "JNJ",
        "MA",
        "8031.T",
        "PG",
        "VNQ",
        "2914.T",
        "7203.T",
        "GSG",
        "4519.T",
        "4385.T",
        "6758.T",
        "JPM",
        "GOOGL",
        "LLY",
        "TIP",
        "GS",
        "AMZN",
        "CAT",
        "EMB",
        "6861.T",
        "9984.T",
        "UNH",
        "NKE",
        "GLD",
        "GDX",
        "6501.T",
        "8306.T",
        "HD",
        "RBLX",
        "6902.T",
        "PFE",
        "2561.T",
        "9432.T",
        "CRM",
        "PEP",
        "7267.T",
        "CVX",
        "3923.T"
      ],
      "weights": [
        0.013157894736842105,
        0.013157894736842105,
        0.013157894736842105,
        0.013157894736842105,
        0.013157894736842105,
        0.013157894736842105,
        0.013157894736842105,
        0.013157894736842105,
        0.013157894736842105,
        0.013157894736842105,
        0.013157894736842105,
        0.013157894736842105,
        0.013157894736842105,
        0.013157894736842105,
        0.013157894736842105,
        0.013157894736842105,
        0.013157894736842105,
        0.013157894736842105,
        0.013157894736842105,
        0.013157894736842105,
        0.013157894736842105,
        0.013157894736842105,
        0.013157894736842105,
        0.013157894736842105,
        0.013157894736842105,
        0.013157894736842105,
        0.013157894736842105,
        0.013157894736842105,
        0.013157894736842105,
        0.013157894736842105,
        0.013157894736842105,
        0.013157894736842105,
        0.013157894736842105,
        0.013157894736842105,
        0.013157894736842105,
        0.013157894736842105,
        0.013157894736842105,
        0.013157894736842105,
        0.013157894736842105,
        0.013157894736842105,
        0.013157894736842105,
        0.013157894736842105,
        0.013157894736842105,
        0.013157894736842105,
        0.013157894736842105,
        0.013157894736842105,
        0.013157894736842105,
        0.013157894736842105,
        0.013157894736842105,
        0.013157894736842105,
        0.013157894736842105,
        0.013157894736842105,
        0.013157894736842105,
        0.013157894736842105,
        0.013157894736842105,
        0.013157894736842105,
        0.013157894736842105,
        0.013157894736842105,
        0.013157894736842105,
        0.013157894736842105,
        0.013157894736842105,
        0.013157894736842105,
        0.013157894736842105,
        0.013157894736842105,
        0.013157894736842105,
        0.013157894736842105,
        0.013157894736842105,
        0.013157894736842105,
        0.013157894736842105,
        0.013157894736842105,
        0.013157894736842105,
        0.013157894736842105,
        0.013157894736842105,
        0.013157894736842105,
        0.013157894736842105,
        0.013157894736842105
      ],
      "shares": [
        0,
        3,
        24,
        4,
        3,
        3,
        3,
        16,
        22,
        0,
        5,
        14,
        0,
        15,
        2,
        2,
        3,
        8,
        13,
        0,
        11,
        6,
        9,
        6,
        15,
        0,
        9,
        297,
        17,
        0,
        0,
        0,
        0,
        0,
        8,
        11,
        0,
        16,
        5,
        2,
        0,
        8,
        13,
        0,
        0,
        46,
        0,
        0,
        0,
        3,
        3,
        1,
        11,
        1,
        5,
        1,
        13,
        0,
        0,
        3,
        31,
        3,
        17,
        0,
        0,
        3,
        24,
        0,
        53,
        0,
        9,
        8,
        9,
        0,
        7,
        1
      ],
      "expected_return": 1.1837875236972288,
      "expected_risk": 0.9361803271046917,
      "sharpe_ratio": 20.238906216445535,
      "total_value": 62498.92985534668,
      "strategy": "max_sharpe",
      "portfolio_id": null
    },
    {
      "symbols": [
        "8058.T",
        "MSFT",
        "SLV",
        "AAPL",
        "V",
        "4689.T",
        "AVGO",
        "HYG",
        "BAC",
        "8316.T",
        "ABBV",
        "NEE",
        "8411.T",
        "TLT",
        "META",
        "AMD",
        "TSLA",
        "COIN",
        "IEF",
        "4661.T",
        "PLTR",
        "NVDA",
        "XOM",
        "BA",
        "KO",
        "8001.T",
        "INTC",
        "SNAP",
        "IAU",
        "1343.T",
        "4502.T",
        "4478.T",
        "6954.T",
        "9983.T",
        "ORCL",
        "LQD",
        "7269.T",
        "SHY",
        "JNJ",
        "MA",
        "8031.T",
        "PG",
        "VNQ",
        "2914.T",
        "7203.T",
        "GSG",
        "4519.T",
        "4385.T",
        "6758.T",
        "JPM",
        "GOOGL",
        "LLY",
        "TIP",
        "GS",
        "AMZN",
        "CAT",
        "EMB",
        "6861.T",
        "9984.T",
        "UNH",
        "NKE",
        "GLD",
        "GDX",
        "6501.T",
        "8306.T",
        "HD",
        "RBLX",
        "6902.T",
        "PFE",
        "2561.T",
        "9432.T",
        "CRM",
        "PEP",
        "7267.T",
        "CVX",
        "3923.T"
      ],