{
  "generated_at": "2026-05-04T13:54:57.959242",
  "budget": 100000.0,
  "target_return_range": [
    2.0,
    15.0
  ],
  "suggestions": [
    {
      "symbols": [
        "AAPL",
        "NVDA",
        "MA",
        "GDX",
        "MSFT",
        "GOOGL",
        "META",
        "BAC",
        "AMD",
        "AVGO",
        "ORCL",
        "INTC",
        "CRM",
        "JNJ",
        "UNH",
        "PFE",
        "ABBV",
        "LLY",
        "JPM",
        "V",
        "GS",
        "NKE",
        "HD",
        "AMZN",
        "PG",
        "TSLA",
        "KO",
        "PEP",
        "XOM",
        "CVX",
        "CAT",
        "BA",
        "NEE",
        "PLTR",
        "COIN",
        "SNAP",
        "RBLX",
        "6758.T",
        "6861.T",
        "6902.T",
        "6954.T",
        "6501.T",
        "7203.T",
        "7267.T",
        "7269.T",
        "9984.T",
        "4689.T",
        "9432.T",
        "4502.T",
        "8306.T",
        "4519.T",
        "8316.T",
        "8411.T",
        "8058.T",
        "8031.T",
        "8001.T",
        "9983.T",
        "4661.T",
        "2914.T",
        "4385.T",
        "3923.T",
        "4478.T",
        "SHY",
        "IEF",
        "TLT",
        "2561.T",
        "LQD",
        "HYG",
        "EMB",
        "TIP",
        "IAU",
        "GLD",
        "SLV",
        "GSG",
        "VNQ",
        "1343.T"
      ],
      "weights": [
        0.013157894736842105,
        0.013157894736842105,
        0.013157894736842105,
        0.013157894736842105,
        0.013157894736842105,
        0.013157894736842105,
        0.013157894736842105,
        0.013157894736842105,
        0.013157894736842105,
        0.013157894736842105,
        0.013157894736842105,
        0.013157894736842105,
        0.013157894736842105,
        0.013157894736842105,
        0.013157894736842105,
        0.013157894736842105,
        0.013157894736842105,
        0.013157894736842105,
        0.013157894736842105,
        0.013157894736842105,
        0.013157894736842105,
        0.013157894736842105,
        0.013157894736842105,
        0.013157894736842105,
        0.013157894736842105,
        0.013157894736842105,
        0.013157894736842105,
        0.013157894736842105,
        0.013157894736842105,
        0.013157894736842105,
        0.013157894736842105,
        0.013157894736842105,
        0.013157894736842105,
        0.013157894736842105,
        0.013157894736842105,
        0.013157894736842105,
        0.013157894736842105,
        0.013157894736842105,
        0.013157894736842105,
        0.013157894736842105,
        0.013157894736842105,
        0.013157894736842105,
        0.013157894736842105,
        0.013157894736842105,
        0.013157894736842105,
        0.013157894736842105,
        0.013157894736842105,
        0.013157894736842105,
        0.013157894736842105,
        0.013157894736842105,
        0.013157894736842105,
        0.013157894736842105,
        0.013157894736842105,
        0.013157894736842105,
        0.013157894736842105,
        0.013157894736842105,
        0.013157894736842105,
        0.013157894736842105,
        0.013157894736842105,
        0.013157894736842105,
        0.013157894736842105,
        0.013157894736842105,
        0.013157894736842105,
        0.013157894736842105,
        0.013157894736842105,
        0.013157894736842105,
        0.013157894736842105,
        0.013157894736842105,
        0.013157894736842105,
        0.013157894736842105,
        0.013157894736842105,
        0.013157894736842105,
        0.013157894736842105,
        0.013157894736842105,
        0.013157894736842105,
        0.013157894736842105
      ],
      "shares": [
        4,
        6,
        2,
        15,
        3,
        3,
        2,
        24,
        3,
        3,
        7,
        13,
        7,
        5,
        3,
        49,
        6,
        1,
        4,
        4,
        1,
        29,
        4,
        4,
        8,
        3,
        16,
        8,
        8,
        6,
        1,
        5,
        13,
        9,
        6,
        209,
        29,
        0,
        0,
        0,
        0,
        0,
        0,
        1,
        0,
        0,
        3,
        8,
        0,
        0,
        0,
        0,
        0,
        0,
        0,
        0,
        0,
        0,
        0,
        0,
        1,
        0,
        15,
        13,
        15,
        0,
        12,
        16,
        13,
        11,
        15,
        3,
        19,
        38,
        13,
        0
      ],
      "expected_return": 0.7842440278107587,
      "expected_risk": 0.5769029380271238,
      "sharpe_ratio": 17.535692457098307,
      "total_value": 63903.71038913727,
      "strategy": "max_sharpe",
      "portfolio_id": null
    },
    {
      "symbols": [
        "AAPL",
        "NVDA",
        "MA",
        "GDX",
        "MSFT",
        "GOOGL",
        "META",
        "BAC",
        "AMD",
        "AVGO",
        "ORCL",
        "INTC",
        "CRM",
        "JNJ",
        "UNH",
        "PFE",
        "ABBV",
        "LLY",
        "JPM",
        "V",
        "GS",
        "NKE",
        "HD",
        "AMZN",
        "PG",
        "TSLA",
        "KO",
        "PEP",
        "XOM",
        "CVX",
        "CAT",
        "BA",
        "NEE",
        "PLTR",
        "COIN",
        "SNAP",
        "RBLX",
        "6758.T",
        "6861.T",
        "6902.T",
        "6954.T",
        "6501.T",
        "7203.T",
        "7267.T",
        "7269.T",
        "9984.T",
        "4689.T",
        "9432.T",
        "4502.T",
        "8306.T",
        "4519.T",
        "8316.T",
        "8411.T",
        "8058.T",
        "8031.T",
        "8001.T",
        "9983.T",
        "4661.T",
        "2914.T",
        "4385.T",
        "3923.T",
        "4478.T",
        "SHY",
        "IEF",
        "TLT",
        "2561.T",
        "LQD",
        "HYG",
        "EMB",
        "TIP",
        "IAU",
        "GLD",
        "SLV",
        "GSG",
        "VNQ",
        "1343.T"
      ],