{
  "generated_at": "2026-06-15T19:05:59.051856",
  "budget": 100000.0,
  "target_return_range": [
    2.0,
    15.0
  ],
  "suggestions": [
    {
      "symbols": [
        "4385.T",
        "GOOGL",
        "JNJ",
        "8316.T",
        "4689.T",
        "1343.T",
        "GSG",
        "MSFT",
        "AVGO",
        "6954.T",
        "UNH",
        "AAPL",
        "CVX",
        "8031.T",
        "PG",
        "NVDA",
        "NEE",
        "9984.T",
        "PFE",
        "EMB",
        "IAU",
        "4502.T",
        "VNQ",
        "ABBV",
        "JPM",
        "BA",
        "AMZN",
        "SHY",
        "TLT",
        "HYG",
        "PLTR",
        "8411.T",
        "NKE",
        "KO",
        "GDX",
        "SLV",
        "2914.T",
        "COIN",
        "INTC",
        "META",
        "RBLX",
        "8001.T",
        "AMD",
        "6501.T",
        "7203.T",
        "7267.T",
        "2561.T",
        "TIP",
        "ORCL",
        "3923.T",
        "GS",
        "8058.T",
        "9983.T",
        "9432.T",
        "HD",
        "V",
        "6902.T",
        "PEP",
        "4661.T",
        "MA",
        "LQD",
        "IEF",
        "CAT",
        "6758.T",
        "SNAP",
        "LLY",
        "6861.T",
        "TSLA",
        "GLD",
        "4519.T",
        "8306.T",
        "CRM",
        "4478.T",
        "BAC",
        "XOM",
        "7269.T"
      ],
      "weights": [
        0.013157894736842105,
        0.013157894736842105,
        0.013157894736842105,
        0.013157894736842105,
        0.013157894736842105,
        0.013157894736842105,
        0.013157894736842105,
        0.013157894736842105,
        0.013157894736842105,
        0.013157894736842105,
        0.013157894736842105,
        0.013157894736842105,
        0.013157894736842105,
        0.013157894736842105,
        0.013157894736842105,
        0.013157894736842105,
        0.013157894736842105,
        0.013157894736842105,
        0.013157894736842105,
        0.013157894736842105,
        0.013157894736842105,
        0.013157894736842105,
        0.013157894736842105,
        0.013157894736842105,
        0.013157894736842105,
        0.013157894736842105,
        0.013157894736842105,
        0.013157894736842105,
        0.013157894736842105,
        0.013157894736842105,
        0.013157894736842105,
        0.013157894736842105,
        0.013157894736842105,
        0.013157894736842105,
        0.013157894736842105,
        0.013157894736842105,
        0.013157894736842105,
        0.013157894736842105,
        0.013157894736842105,
        0.013157894736842105,
        0.013157894736842105,
        0.013157894736842105,
        0.013157894736842105,
        0.013157894736842105,
        0.013157894736842105,
        0.013157894736842105,
        0.013157894736842105,
        0.013157894736842105,
        0.013157894736842105,
        0.013157894736842105,
        0.013157894736842105,
        0.013157894736842105,
        0.013157894736842105,
        0.013157894736842105,
        0.013157894736842105,
        0.013157894736842105,
        0.013157894736842105,
        0.013157894736842105,
        0.013157894736842105,
        0.013157894736842105,
        0.013157894736842105,
        0.013157894736842105,
        0.013157894736842105,
        0.013157894736842105,
        0.013157894736842105,
        0.013157894736842105,
        0.013157894736842105,
        0.013157894736842105,
        0.013157894736842105,
        0.013157894736842105,
        0.013157894736842105,
        0.013157894736842105,
        0.013157894736842105,
        0.013157894736842105,
        0.013157894736842105,
        0.013157894736842105
      ],
      "shares": [
        0,
        3,
        5,
        0,
        3,
        0,
        43,
        3,
        3,
        0,
        3,
        4,
        7,
        0,
        8,
        6,
        15,
        0,
        50,
        13,
        16,
        0,
        13,
        5,
        4,
        6,
        5,
        16,
        15,
        16,
        10,
        0,
        29,
        15,
        16,
        21,
        0,
        8,
        10,
        2,
        30,
        0,
        2,
        0,
        0,
        0,
        0,
        12,
        7,
        1,
        1,
        0,
        0,
        8,
        4,
        4,
        0,
        9,
        0,
        2,
        12,
        13,
        1,
        0,
        250,
        1,
        0,
        3,
        3,
        0,
        0,
        7,
        0,
        23,
        8,
        0
      ],
      "expected_return": 1.019257565078964,
      "expected_risk": 0.6514589507412456,
      "sharpe_ratio": 22.0223179877952,
      "total_value": 63346.57023048401,
      "strategy": "max_sharpe",
      "portfolio_id": null
    },
    {
      "symbols": [
        "4385.T",
        "GOOGL",
        "JNJ",
        "8316.T",
        "4689.T",
        "1343.T",
        "GSG",
        "MSFT",
        "AVGO",
        "6954.T",
        "UNH",
        "AAPL",
        "CVX",
        "8031.T",
        "PG",
        "NVDA",
        "NEE",
        "9984.T",
        "PFE",
        "EMB",
        "IAU",
        "4502.T",
        "VNQ",
        "ABBV",
        "JPM",
        "BA",
        "AMZN",
        "SHY",
        "TLT",
        "HYG",
        "PLTR",
        "8411.T",
        "NKE",
        "KO",
        "GDX",
        "SLV",
        "2914.T",
        "COIN",
        "INTC",
        "META",
        "RBLX",
        "8001.T",
        "AMD",
        "6501.T",
        "7203.T",
        "7267.T",
        "2561.T",
        "TIP",
        "ORCL",
        "3923.T",
        "GS",
        "8058.T",
        "9983.T",
        "9432.T",
        "HD",
        "V",
        "6902.T",
        "PEP",
        "4661.T",
        "MA",
        "LQD",
        "IEF",
        "CAT",
        "6758.T",
        "SNAP",
        "LLY",
        "6861.T",
        "TSLA",
        "GLD",
        "4519.T",
        "8306.T",
        "CRM",
        "4478.T",
        "BAC",
        "XOM",
        "7269.T"
      ],