{
  "generated_at": "2026-06-17T17:51:54.158556",
  "budget": 100000.0,
  "target_return_range": [
    2.0,
    15.0
  ],
  "suggestions": [
    {
      "symbols": [
        "RBLX",
        "6501.T",
        "4385.T",
        "EMB",
        "ORCL",
        "VNQ",
        "GOOGL",
        "CRM",
        "4689.T",
        "AVGO",
        "UNH",
        "8058.T",
        "PG",
        "AMZN",
        "BAC",
        "AMD",
        "8001.T",
        "AAPL",
        "MSFT",
        "HD",
        "GS",
        "6758.T",
        "CVX",
        "8316.T",
        "JNJ",
        "8031.T",
        "6861.T",
        "9984.T",
        "JPM",
        "2914.T",
        "NKE",
        "LLY",
        "7203.T",
        "3923.T",
        "GSG",
        "COIN",
        "IAU",
        "6902.T",
        "1343.T",
        "HYG",
        "CAT",
        "8411.T",
        "KO",
        "SLV",
        "MA",
        "NEE",
        "GDX",
        "IEF",
        "NVDA",
        "INTC",
        "4502.T",
        "TIP",
        "META",
        "GLD",
        "PLTR",
        "PFE",
        "7269.T",
        "8306.T",
        "BA",
        "TLT",
        "LQD",
        "XOM",
        "9983.T",
        "V",
        "2561.T",
        "4661.T",
        "SHY",
        "9432.T",
        "ABBV",
        "SNAP",
        "TSLA",
        "4519.T",
        "6954.T",
        "4478.T",
        "PEP",
        "7267.T"
      ],
      "weights": [
        0.013157894736842105,
        0.013157894736842105,
        0.013157894736842105,
        0.013157894736842105,
        0.013157894736842105,
        0.013157894736842105,
        0.013157894736842105,
        0.013157894736842105,
        0.013157894736842105,
        0.013157894736842105,
        0.013157894736842105,
        0.013157894736842105,
        0.013157894736842105,
        0.013157894736842105,
        0.013157894736842105,
        0.013157894736842105,
        0.013157894736842105,
        0.013157894736842105,
        0.013157894736842105,
        0.013157894736842105,
        0.013157894736842105,
        0.013157894736842105,
        0.013157894736842105,
        0.013157894736842105,
        0.013157894736842105,
        0.013157894736842105,
        0.013157894736842105,
        0.013157894736842105,
        0.013157894736842105,
        0.013157894736842105,
        0.013157894736842105,
        0.013157894736842105,
        0.013157894736842105,
        0.013157894736842105,
        0.013157894736842105,
        0.013157894736842105,
        0.013157894736842105,
        0.013157894736842105,
        0.013157894736842105,
        0.013157894736842105,
        0.013157894736842105,
        0.013157894736842105,
        0.013157894736842105,
        0.013157894736842105,
        0.013157894736842105,
        0.013157894736842105,
        0.013157894736842105,
        0.013157894736842105,
        0.013157894736842105,
        0.013157894736842105,
        0.013157894736842105,
        0.013157894736842105,
        0.013157894736842105,
        0.013157894736842105,
        0.013157894736842105,
        0.013157894736842105,
        0.013157894736842105,
        0.013157894736842105,
        0.013157894736842105,
        0.013157894736842105,
        0.013157894736842105,
        0.013157894736842105,
        0.013157894736842105,
        0.013157894736842105,
        0.013157894736842105,
        0.013157894736842105,
        0.013157894736842105,
        0.013157894736842105,
        0.013157894736842105,
        0.013157894736842105,
        0.013157894736842105,
        0.013157894736842105,
        0.013157894736842105,
        0.013157894736842105,
        0.013157894736842105,
        0.013157894736842105
      ],
      "shares": [
        26,
        0,
        0,
        13,
        6,
        13,
        3,
        8,
        3,
        3,
        3,
        0,
        8,
        5,
        23,
        2,
        0,
        4,
        3,
        3,
        1,
        0,
        7,
        0,
        5,
        0,
        0,
        0,
        3,
        0,
        29,
        1,
        0,
        1,
        44,
        7,
        16,
        0,
        0,
        16,
        1,
        0,
        16,
        20,
        2,
        15,
        15,
        13,
        6,
        11,
        0,
        11,
        2,
        3,
        9,
        50,
        0,
        0,
        5,
        15,
        12,
        9,
        0,
        3,
        0,
        0,
        16,
        9,
        5,
        254,
        3,
        0,
        0,
        0,
        9,
        0
      ],
      "expected_return": 1.3583942987074,
      "expected_risk": 0.5909051807720713,
      "sharpe_ratio": 37.79278257154437,
      "total_value": 62598.30009841919,
      "strategy": "max_sharpe",
      "portfolio_id": null
    },
    {
      "symbols": [
        "RBLX",
        "6501.T",
        "4385.T",
        "EMB",
        "ORCL",
        "VNQ",
        "GOOGL",
        "CRM",
        "4689.T",
        "AVGO",
        "UNH",
        "8058.T",
        "PG",
        "AMZN",
        "BAC",
        "AMD",
        "8001.T",
        "AAPL",
        "MSFT",
        "HD",
        "GS",
        "6758.T",
        "CVX",
        "8316.T",
        "JNJ",
        "8031.T",
        "6861.T",
        "9984.T",
        "JPM",
        "2914.T",
        "NKE",
        "LLY",
        "7203.T",
        "3923.T",
        "GSG",
        "COIN",
        "IAU",
        "6902.T",
        "1343.T",
        "HYG",
        "CAT",
        "8411.T",
        "KO",
        "SLV",
        "MA",
        "NEE",
        "GDX",
        "IEF",
        "NVDA",
        "INTC",
        "4502.T",
        "TIP",
        "META",
        "GLD",
        "PLTR",
        "PFE",
        "7269.T",
        "8306.T",
        "BA",
        "TLT",
        "LQD",
        "XOM",
        "9983.T",
        "V",
        "2561.T",
        "4661.T",
        "SHY",
        "9432.T",
        "ABBV",
        "SNAP",
        "TSLA",
        "4519.T",
        "6954.T",
        "4478.T",
        "PEP",
        "7267.T"
      ],