{
  "generated_at": "2026-05-13T17:19:04.880143",
  "budget": 100000.0,
  "target_return_range": [
    2.0,
    15.0
  ],
  "suggestions": [
    {
      "symbols": [
        "MSFT",
        "AAPL",
        "9983.T",
        "AMZN",
        "NVDA",
        "SNAP",
        "GOOGL",
        "HYG",
        "HD",
        "GSG",
        "AVGO",
        "CAT",
        "INTC",
        "8001.T",
        "6954.T",
        "9432.T",
        "BAC",
        "RBLX",
        "6861.T",
        "7203.T",
        "2561.T",
        "9984.T",
        "NEE",
        "XOM",
        "8411.T",
        "6758.T",
        "6902.T",
        "BA",
        "PFE",
        "PLTR",
        "NKE",
        "8316.T",
        "CRM",
        "AMD",
        "KO",
        "8031.T",
        "4661.T",
        "ORCL",
        "3923.T",
        "TLT",
        "7267.T",
        "LQD",
        "UNH",
        "JNJ",
        "SHY",
        "ABBV",
        "EMB",
        "LLY",
        "JPM",
        "4502.T",
        "4519.T",
        "8306.T",
        "IAU",
        "8058.T",
        "MA",
        "GS",
        "2914.T",
        "CVX",
        "TSLA",
        "META",
        "PG",
        "PEP",
        "4689.T",
        "COIN",
        "V",
        "GLD",
        "6501.T",
        "SLV",
        "7269.T",
        "4385.T",
        "IEF",
        "4478.T",
        "TIP",
        "GDX",
        "VNQ",
        "1343.T"
      ],
      "weights": [
        0.013157894736842105,
        0.013157894736842105,
        0.013157894736842105,
        0.013157894736842105,
        0.013157894736842105,
        0.013157894736842105,
        0.013157894736842105,
        0.013157894736842105,
        0.013157894736842105,
        0.013157894736842105,
        0.013157894736842105,
        0.013157894736842105,
        0.013157894736842105,
        0.013157894736842105,
        0.013157894736842105,
        0.013157894736842105,
        0.013157894736842105,
        0.013157894736842105,
        0.013157894736842105,
        0.013157894736842105,
        0.013157894736842105,
        0.013157894736842105,
        0.013157894736842105,
        0.013157894736842105,
        0.013157894736842105,
        0.013157894736842105,
        0.013157894736842105,
        0.013157894736842105,
        0.013157894736842105,
        0.013157894736842105,
        0.013157894736842105,
        0.013157894736842105,
        0.013157894736842105,
        0.013157894736842105,
        0.013157894736842105,
        0.013157894736842105,
        0.013157894736842105,
        0.013157894736842105,
        0.013157894736842105,
        0.013157894736842105,
        0.013157894736842105,
        0.013157894736842105,
        0.013157894736842105,
        0.013157894736842105,
        0.013157894736842105,
        0.013157894736842105,
        0.013157894736842105,
        0.013157894736842105,
        0.013157894736842105,
        0.013157894736842105,
        0.013157894736842105,
        0.013157894736842105,
        0.013157894736842105,
        0.013157894736842105,
        0.013157894736842105,
        0.013157894736842105,
        0.013157894736842105,
        0.013157894736842105,
        0.013157894736842105,
        0.013157894736842105,
        0.013157894736842105,
        0.013157894736842105,
        0.013157894736842105,
        0.013157894736842105,
        0.013157894736842105,
        0.013157894736842105,
        0.013157894736842105,
        0.013157894736842105,
        0.013157894736842105,
        0.013157894736842105,
        0.013157894736842105,
        0.013157894736842105,
        0.013157894736842105,
        0.013157894736842105,
        0.013157894736842105,
        0.013157894736842105
      ],
      "shares": [
        3,
        4,
        0,
        4,
        5,
        237,
        3,
        16,
        4,
        38,
        3,
        1,
        10,
        0,
        0,
        8,
        25,
        31,
        0,
        0,
        0,
        0,
        13,
        8,
        0,
        0,
        0,
        5,
        50,
        9,
        31,
        0,
        7,
        2,
        16,
        0,
        0,
        7,
        1,
        15,
        1,
        12,
        3,
        5,
        16,
        6,
        13,
        1,
        4,
        0,
        0,
        0,
        14,
        0,
        2,
        1,
        0,
        7,
        3,
        2,
        9,
        8,
        3,
        6,
        4,
        3,
        0,
        16,
        0,
        0,
        13,
        0,
        11,
        13,
        13,
        0
      ],
      "expected_return": 0.9152318324857757,
      "expected_risk": 0.5366741822295767,
      "sharpe_ratio": 23.24347508314356,
      "total_value": 63954.50021839142,
      "strategy": "max_sharpe",
      "portfolio_id": null
    },
    {
      "symbols": [
        "MSFT",
        "AAPL",
        "9983.T",
        "AMZN",
        "NVDA",
        "SNAP",
        "GOOGL",
        "HYG",
        "HD",
        "GSG",
        "AVGO",
        "CAT",
        "INTC",
        "8001.T",
        "6954.T",
        "9432.T",
        "BAC",
        "RBLX",
        "6861.T",
        "7203.T",
        "2561.T",
        "9984.T",
        "NEE",
        "XOM",
        "8411.T",
        "6758.T",
        "6902.T",
        "BA",
        "PFE",
        "PLTR",
        "NKE",
        "8316.T",
        "CRM",
        "AMD",
        "KO",
        "8031.T",
        "4661.T",
        "ORCL",
        "3923.T",
        "TLT",
        "7267.T",
        "LQD",
        "UNH",
        "JNJ",
        "SHY",
        "ABBV",
        "EMB",
        "LLY",
        "JPM",
        "4502.T",
        "4519.T",
        "8306.T",
        "IAU",
        "8058.T",
        "MA",
        "GS",
        "2914.T",
        "CVX",
        "TSLA",
        "META",
        "PG",
        "PEP",
        "4689.T",
        "COIN",
        "V",
        "GLD",
        "6501.T",
        "SLV",
        "7269.T",
        "4385.T",
        "IEF",
        "4478.T",
        "TIP",
        "GDX",
        "VNQ",
        "1343.T"
      ],