{
  "generated_at": "2026-05-06T16:29:32.780874",
  "budget": 100000.0,
  "target_return_range": [
    2.0,
    15.0
  ],
  "suggestions": [
    {
      "symbols": [
        "ABBV",
        "NVDA",
        "META",
        "MA",
        "NKE",
        "JPM",
        "AAPL",
        "UNH",
        "V",
        "BAC",
        "TSLA",
        "MSFT",
        "PLTR",
        "PEP",
        "NEE",
        "RBLX",
        "XOM",
        "CRM",
        "AMD",
        "COIN",
        "INTC",
        "ORCL",
        "CVX",
        "JNJ",
        "CAT",
        "BA",
        "GS",
        "SNAP",
        "KO",
        "SHY",
        "IEF",
        "TLT",
        "LQD",
        "PFE",
        "LLY",
        "EMB",
        "IAU",
        "GSG",
        "HD",
        "GOOGL",
        "AVGO",
        "PG",
        "HYG",
        "AMZN",
        "SLV",
        "TIP",
        "GLD",
        "GDX",
        "VNQ"
      ],
      "weights": [
        0.020408163265306124,
        0.020408163265306124,
        0.020408163265306124,
        0.020408163265306124,
        0.020408163265306124,
        0.020408163265306124,
        0.020408163265306124,
        0.020408163265306124,
        0.020408163265306124,
        0.020408163265306124,
        0.020408163265306124,
        0.020408163265306124,
        0.020408163265306124,
        0.020408163265306124,
        0.020408163265306124,
        0.020408163265306124,
        0.020408163265306124,
        0.020408163265306124,
        0.020408163265306124,
        0.020408163265306124,
        0.020408163265306124,
        0.020408163265306124,
        0.020408163265306124,
        0.020408163265306124,
        0.020408163265306124,
        0.020408163265306124,
        0.020408163265306124,
        0.020408163265306124,
        0.020408163265306124,
        0.020408163265306124,
        0.020408163265306124,
        0.020408163265306124,
        0.020408163265306124,
        0.020408163265306124,
        0.020408163265306124,
        0.020408163265306124,
        0.020408163265306124,
        0.020408163265306124,
        0.020408163265306124,
        0.020408163265306124,
        0.020408163265306124,
        0.020408163265306124,
        0.020408163265306124,
        0.020408163265306124,
        0.020408163265306124,
        0.020408163265306124,
        0.020408163265306124,
        0.020408163265306124,
        0.020408163265306124
      ],
      "shares": [
        9,
        10,
        3,
        4,
        47,
        6,
        7,
        5,
        6,
        38,
        5,
        4,
        15,
        13,
        21,
        46,
        13,
        10,
        5,
        10,
        18,
        11,
        10,
        9,
        2,
        9,
        2,
        334,
        26,
        24,
        21,
        23,
        18,
        77,
        2,
        21,
        23,
        59,
        6,
        5,
        4,
        14,
        25,
        7,
        30,
        18,
        4,
        23,
        21
      ],
      "expected_return": 0.5767822918160453,
      "expected_risk": 0.8097359949426283,
      "sharpe_ratio": 4.035212583960971,
      "total_value": 95291.30030918121,
      "strategy": "max_sharpe",
      "portfolio_id": null
    },
    {
      "symbols": [
        "ABBV",
        "NVDA",
        "META",
        "MA",
        "NKE",
        "JPM",
        "AAPL",
        "UNH",
        "V",
        "BAC",
        "TSLA",
        "MSFT",
        "PLTR",
        "PEP",
        "NEE",
        "RBLX",
        "XOM",
        "CRM",
        "AMD",
        "COIN",
        "INTC",
        "ORCL",
        "CVX",
        "JNJ",
        "CAT",
        "BA",
        "GS",
        "SNAP",
        "KO",
        "SHY",
        "IEF",
        "TLT",
        "LQD",
        "PFE",
        "LLY",
        "EMB",
        "IAU",
        "GSG",
        "HD",
        "GOOGL",
        "AVGO",
        "PG",
        "HYG",
        "AMZN",
        "SLV",
        "TIP",
        "GLD",
        "GDX",
        "VNQ"
      ],
      "weights": [
        0.0,
        9.090432168521995e-16,
        0.0,
        4.119301219171122e-15,
        0.046326088157177606,
        0.0,
        0.18720937274171803,
        0.0,
        1.554778826141932e-15,
        0.039315520707495256,
        2.482309882645969e-16,
        7.658649586574753e-16,
        0.0,
        0.0,
        0.1326756641413669,
        1.838240658250426e-16,
        3.101999363393558e-17,
        0.0,
        1.3204044792307142e-16,
        0.03189174208286483,
        0.0,
        0.0,
        0.0,
        0.0,
        1.7358240905330833e-16,
        0.15149004159506702,
        1.5158452282643773e-16,
        1.2025522672727203e-15,
        0.02262624555168266,
        0.0,
        0.0,
        0.16993437871946518,
        2.423344981055699e-16,
        0.0,
        0.000518784666396769,
        0.0,
        4.998233647625974e-17,
        0.007459567133525725,
        1.6076427439993078e-15,
        0.0,
        0.06226693135978184,
        0.0,
        7.019843617199003e-18,
        0.05276730602076266,
        0.0,
        0.0,
        0.0955183571226833,
        8.92184079656522e-16,
        0.0
      ],
      "shares": [
        0,
        0,
        0,
        0,
        107,
        0,
        65,
        0,
        0,
        74,
        0,
        0,
        0,
        0,
        137,
        0,
        0,
        0,
        0,
        16,
        0,
        0,
        0,
        0,
        0,
        67,
        0,
        0,
        28,
        0,
        0,
        198,
        0,
        0,
        0,
        0,
        0,
        21,
        0,
        0,
        14,
        0,
        0,
        19,
        0,
        0,
        22,
        0,
        0
      ],
      "expected_return": 2.0000000000000213,
      "expected_risk": 0.2885314098904979,
      "sharpe_ratio": 73.47553599345888,
      "total_value": 98611.23920822144,
      "strategy": "min_variance",
      "portfolio_id": null
    },
    {
      "symbols": [
        "ABBV",
        "NVDA",
        "META",
        "MA",
        "NKE",
        "JPM",
        "AAPL",
        "UNH",
        "V",
        "BAC",
        "TSLA",
        "MSFT",
        "PLTR",
        "PEP",
        "NEE",
        "RBLX",
        "XOM",
        "CRM",
        "AMD",
        "COIN",
        "INTC",
        "ORCL",
        "CVX",
        "JNJ",
        "CAT",
        "BA",
        "GS",
        "SNAP",
        "KO",
        "SHY",
        "IEF",
        "TLT",
        "LQD",
        "PFE",
        "LLY",
        "EMB",
        "IAU",
        "GSG",
        "HD",
        "GOOGL",
        "AVGO",
        "PG",
        "HYG",
        "AMZN",
        "SLV",
        "TIP",
        "GLD",
        "GDX",
        "VNQ"
      ],