{
  "generated_at": "2026-05-20T17:56:46.908696",
  "budget": 100000.0,
  "target_return_range": [
    2.0,
    15.0
  ],
  "suggestions": [
    {
      "symbols": [
        "9432.T",
        "IEF",
        "COIN",
        "TLT",
        "GOOGL",
        "RBLX",
        "LLY",
        "CRM",
        "NVDA",
        "MSFT",
        "8306.T",
        "8058.T",
        "META",
        "HD",
        "AMD",
        "9983.T",
        "PLTR",
        "JNJ",
        "4689.T",
        "4502.T",
        "8316.T",
        "7267.T",
        "4519.T",
        "7269.T",
        "2914.T",
        "8031.T",
        "4661.T",
        "PG",
        "8411.T",
        "6861.T",
        "NKE",
        "NEE",
        "BAC",
        "BA",
        "6758.T",
        "SNAP",
        "INTC",
        "AVGO",
        "6954.T",
        "V",
        "ORCL",
        "PFE",
        "7203.T",
        "ABBV",
        "AMZN",
        "TSLA",
        "JPM",
        "GS",
        "MA",
        "8001.T",
        "9984.T",
        "4385.T",
        "3923.T",
        "AAPL",
        "UNH",
        "6902.T",
        "GLD",
        "6501.T",
        "GDX",
        "KO",
        "PEP",
        "XOM",
        "CVX",
        "CAT",
        "SHY",
        "4478.T",
        "2561.T",
        "LQD",
        "HYG",
        "TIP",
        "EMB",
        "IAU",
        "SLV",
        "GSG",
        "VNQ",
        "1343.T"
      ],
      "weights": [
        0.013157894736842105,
        0.013157894736842105,
        0.013157894736842105,
        0.013157894736842105,
        0.013157894736842105,
        0.013157894736842105,
        0.013157894736842105,
        0.013157894736842105,
        0.013157894736842105,
        0.013157894736842105,
        0.013157894736842105,
        0.013157894736842105,
        0.013157894736842105,
        0.013157894736842105,
        0.013157894736842105,
        0.013157894736842105,
        0.013157894736842105,
        0.013157894736842105,
        0.013157894736842105,
        0.013157894736842105,
        0.013157894736842105,
        0.013157894736842105,
        0.013157894736842105,
        0.013157894736842105,
        0.013157894736842105,
        0.013157894736842105,
        0.013157894736842105,
        0.013157894736842105,
        0.013157894736842105,
        0.013157894736842105,
        0.013157894736842105,
        0.013157894736842105,
        0.013157894736842105,
        0.013157894736842105,
        0.013157894736842105,
        0.013157894736842105,
        0.013157894736842105,
        0.013157894736842105,
        0.013157894736842105,
        0.013157894736842105,
        0.013157894736842105,
        0.013157894736842105,
        0.013157894736842105,
        0.013157894736842105,
        0.013157894736842105,
        0.013157894736842105,
        0.013157894736842105,
        0.013157894736842105,
        0.013157894736842105,
        0.013157894736842105,
        0.013157894736842105,
        0.013157894736842105,
        0.013157894736842105,
        0.013157894736842105,
        0.013157894736842105,
        0.013157894736842105,
        0.013157894736842105,
        0.013157894736842105,
        0.013157894736842105,
        0.013157894736842105,
        0.013157894736842105,
        0.013157894736842105,
        0.013157894736842105,
        0.013157894736842105,
        0.013157894736842105,
        0.013157894736842105,
        0.013157894736842105,
        0.013157894736842105,
        0.013157894736842105,
        0.013157894736842105,
        0.013157894736842105,
        0.013157894736842105,
        0.013157894736842105,
        0.013157894736842105,
        0.013157894736842105,
        0.013157894736842105
      ],
      "shares": [
        8,
        14,
        6,
        15,
        3,
        29,
        1,
        7,
        5,
        3,
        0,
        0,
        2,
        4,
        3,
        0,
        9,
        5,
        3,
        0,
        0,
        0,
        0,
        0,
        0,
        0,
        0,
        9,
        0,
        0,
        31,
        14,
        25,
        6,
        0,
        237,
        11,
        3,
        0,
        3,
        7,
        51,
        0,
        6,
        5,
        3,
        4,
        1,
        2,
        0,
        0,
        0,
        1,
        4,
        3,
        0,
        3,
        0,
        15,
        16,
        8,
        8,
        6,
        1,
        16,
        0,
        0,
        12,
        16,
        11,
        13,
        15,
        19,
        37,
        13,
        0
      ],
      "expected_return": 0.8148916512723647,
      "expected_risk": 0.7281271531529289,
      "sharpe_ratio": 16.200963234715715,
      "total_value": 62929.91993045807,
      "strategy": "max_sharpe",
      "portfolio_id": null
    },
    {
      "symbols": [
        "9432.T",
        "IEF",
        "COIN",
        "TLT",
        "GOOGL",
        "RBLX",
        "LLY",
        "CRM",
        "NVDA",
        "MSFT",
        "8306.T",
        "8058.T",
        "META",
        "HD",
        "AMD",
        "9983.T",
        "PLTR",
        "JNJ",
        "4689.T",
        "4502.T",
        "8316.T",
        "7267.T",
        "4519.T",
        "7269.T",
        "2914.T",
        "8031.T",
        "4661.T",
        "PG",
        "8411.T",
        "6861.T",
        "NKE",
        "NEE",
        "BAC",
        "BA",
        "6758.T",
        "SNAP",
        "INTC",
        "AVGO",
        "6954.T",
        "V",
        "ORCL",
        "PFE",
        "7203.T",
        "ABBV",
        "AMZN",
        "TSLA",
        "JPM",
        "GS",
        "MA",
        "8001.T",
        "9984.T",
        "4385.T",
        "3923.T",
        "AAPL",
        "UNH",
        "6902.T",
        "GLD",
        "6501.T",
        "GDX",
        "KO",
        "PEP",
        "XOM",
        "CVX",
        "CAT",
        "SHY",
        "4478.T",
        "2561.T",
        "LQD",
        "HYG",
        "TIP",
        "EMB",
        "IAU",
        "SLV",
        "GSG",
        "VNQ",
        "1343.T"
      ],
      "weights": [
        2.734356676446357e-16,
        0.0,
        0.043270595329317096,
        4.571876605133935e-16,
        0.0,
        3.221857584533356e-15,
        0.09432794850907962,
        0.017146961026445435,
        0.0,
        2.9215327951154766e-16,
        5.441020622932248e-16,
        0.0,
        0.0,
        3.506395731456843e-15,
        0.053835608479657494,
        0.0,
        0.0,
        0.0,
        2.165270247459916e-15,
        6.050021027824598e-16,
        0.0,
        0.0,
        0.16391392822458675,
        0.0,
        0.20579576621313958,
        0.0,
        0.03953585423145534,
        3.387169965095558e-16,
        0.0,
        0.0,
        0.09666350829625671,
        7.787093611573186e-17,
        0.1117847384129819,
        1.4453549565640942e-15,
        3.025108849186526e-16,
        0.0,
        1.5528868336891572e-15,
        0.010992352288759707,
        0.0,
        1.3927140453762379e-16,
        0.009164912485857653,
        4.4891009715665555e-17,
        0.0,
        1.131502697146025e-16,
        0.0,
        0.0,
        6.726024295489197e-17,
        0.0,
        6.116625902975007e-16,
        0.0,
        9.653509939072216e-16,
        0.0,
        6.539950017516996e-16,
        0.0,
        0.0,
        0.0,
        0.0,
        0.0,
        0.0,
        0.1535678265024419,
        0.0,
        1.49547886362172e-16,
        1.3950713865917841e-16,
        1.5678538897216127e-15,
        0.0,
        3.561195290454397e-18,
        5.819227904449028e-16,
        1.1652387002402129e-17,
        0.0,
        0.0,
        0.0,
        0.0,
        0.0,
        0.0,
        3.354795654074003e-16,
        3.8871790235693935e-16
      ],