{
  "generated_at": "2026-06-19T17:21:19.594670",
  "budget": 100000.0,
  "target_return_range": [
    2.0,
    15.0
  ],
  "suggestions": [
    {
      "symbols": [
        "8411.T",
        "7269.T",
        "9984.T",
        "6501.T",
        "9983.T",
        "4661.T",
        "2561.T",
        "8306.T",
        "6902.T",
        "4478.T",
        "1343.T",
        "2914.T",
        "7267.T",
        "4689.T",
        "4519.T",
        "4385.T",
        "6861.T",
        "8001.T",
        "8316.T",
        "3923.T",
        "9432.T",
        "4502.T",
        "8031.T",
        "6758.T",
        "6954.T",
        "7203.T",
        "8058.T"
      ],
      "weights": [
        0.03703703703703704,
        0.03703703703703704,
        0.03703703703703704,
        0.03703703703703704,
        0.03703703703703704,
        0.03703703703703704,
        0.03703703703703704,
        0.03703703703703704,
        0.03703703703703704,
        0.03703703703703704,
        0.03703703703703704,
        0.03703703703703704,
        0.03703703703703704,
        0.03703703703703704,
        0.03703703703703704,
        0.03703703703703704,
        0.03703703703703704,
        0.03703703703703704,
        0.03703703703703704,
        0.03703703703703704,
        0.03703703703703704,
        0.03703703703703704,
        0.03703703703703704,
        0.03703703703703704,
        0.03703703703703704,
        0.03703703703703704,
        0.03703703703703704
      ],
      "shares": [
        0,
        1,
        0,
        0,
        0,
        1,
        1,
        1,
        1,
        1,
        1,
        0,
        2,
        8,
        0,
        0,
        0,
        1,
        0,
        3,
        25,
        0,
        0,
        1,
        0,
        1,
        0
      ],
      "expected_return": 2.1698234528798834,
      "expected_risk": 1.4966140305731246,
      "sharpe_ratio": 7.201761315559408,
      "total_value": 35999.09994506836,
      "strategy": "max_sharpe",
      "portfolio_id": null
    },
    {
      "symbols": [
        "8411.T",
        "7269.T",
        "9984.T",
        "6501.T",
        "9983.T",
        "4661.T",
        "2561.T",
        "8306.T",
        "6902.T",
        "4478.T",
        "1343.T",
        "2914.T",
        "7267.T",
        "4689.T",
        "4519.T",
        "4385.T",
        "6861.T",
        "8001.T",
        "8316.T",
        "3923.T",
        "9432.T",
        "4502.T",
        "8031.T",
        "6758.T",
        "6954.T",
        "7203.T",
        "8058.T"
      ],
      "weights": [
        3.8939037263517273e-16,
        1.1647891251556284e-15,
        6.103247539828584e-16,
        0.07470142989924285,
        4.494735397503663e-16,
        0.02264861176686474,
        0.3837536404849581,
        3.194463218203134e-16,
        1.0545038127589716e-15,
        0.03329147587273213,
        3.996896637843161e-15,
        1.9120978287282427e-15,
        1.9862387148937893e-17,
        8.360272140313109e-16,
        2.2396714187622194e-16,
        0.017617616920463673,
        0.004845281451017514,
        2.258267229677667e-15,
        2.0509334937243619e-16,
        8.806588872046798e-16,
        0.31028823133820804,
        0.1459410084629413,
        3.0963559910649484e-15,
        1.5402309061999512e-16,
        1.4014490117899354e-15,
        0.006912703803551623,
        9.724870771818154e-16
      ],
      "shares": [
        0,
        0,
        0,
        1,
        0,
        0,
        18,
        0,
        0,
        1,
        0,
        0,
        0,
        0,
        0,
        0,
        0,
        0,
        0,
        0,
        209,
        2,
        0,
        0,
        0,
        0,
        0
      ],
      "expected_return": 1.9999999999998102,
      "expected_risk": 0.4973366681932269,
      "sharpe_ratio": 19.346294442032722,
      "total_value": 84354.09872436523,
      "strategy": "min_variance",
      "portfolio_id": null
    },
    {
      "symbols": [
        "8411.T",
        "7269.T",
        "9984.T",
        "6501.T",
        "9983.T",
        "4661.T",
        "2561.T",
        "8306.T",
        "6902.T",
        "4478.T",
        "1343.T",
        "2914.T",
        "7267.T",
        "4689.T",
        "4519.T",
        "4385.T",
        "6861.T",
        "8001.T",
        "8316.T",
        "3923.T",
        "9432.T",
        "4502.T",
        "8031.T",
        "6758.T",
        "6954.T",
        "7203.T",
        "8058.T"
      ],
      "weights": [
        0.2913559359887629,
        0.011109967211295833,
        0.011136977148405211,
        0.011090611705073939,
        0.011110589101637832,
        0.011075904199417478,
        0.011098737622910058,
        0.011079027636090864,
        0.011091197418553248,
        0.2910659838196204,
        0.011137362497813687,
        0.01110860539904354,
        0.011080045124270474,
        0.011114385836648718,
        0.011074527638793586,
        0.011082507130838816,
        0.15117158652316318,
        0.011095536896065149,
        0.011092975192405192,
        0.01113539813224667,
        0.01110675260859539,
        0.01106973327020713,
        0.011088813007425034,
        0.011135190552830078,
        0.01108803412701986,
        0.011071277005220502,
        0.01113233720564516
      ],
      "shares": [
        3,
        0,
        0,
        0,
        0,
        0,
        0,
        0,
        0,
        14,
        0,
        0,
        0,
        2,
        0,
        0,
        0,
        0,
        0,
        1,
        7,
        0,
        0,
        0,
        0,
        0,
        0
      ],
      "expected_return": 8.499999894046338,
      "expected_risk": 2.832208703015787,
      "sharpe_ratio": 19.028220311226946,
      "total_value": 55190.69998168945,
      "strategy": "target_return",
      "portfolio_id": null
    },
    {
      "symbols": [
        "8411.T",
        "7269.T",
        "9984.T",
        "6501.T",
        "9983.T",
        "4661.T",
        "2561.T",
        "8306.T",
        "6902.T",
        "4478.T",
        "1343.T",
        "2914.T",
        "7267.T",
        "4689.T",
        "4519.T",
        "4385.T",
        "6861.T",
        "8001.T",
        "8316.T",
        "3923.T",
        "9432.T",
        "4502.T",
        "8031.T",
        "6758.T",
        "6954.T",
        "7203.T",
        "8058.T"
      ],
      "weights": [
        0.037037037037037035,
        0.037037037037037035,
        0.037037037037037035,
        0.037037037037037035,
        0.037037037037037035,
        0.037037037037037035,
        0.037037037037037035,
        0.037037037037037035,
        0.037037037037037035,
        0.037037037037037035,
        0.037037037037037035,
        0.037037037037037035,
        0.037037037037037035,
        0.037037037037037035,
        0.037037037037037035,
        0.037037037037037035,
        0.037037037037037035,
        0.037037037037037035,
        0.037037037037037035,
        0.037037037037037035,
        0.037037037037037035,
        0.037037037037037035,
        0.037037037037037035,
        0.037037037037037035,
        0.037037037037037035,
        0.037037037037037035,
        0.037037037037037035
      ],
      "shares": [
        0,
        1,
        0,
        0,
        0,
        1,
        1,
        1,
        1,
        1,
        1,
        0,
        2,
        8,
        0,
        0,
        0,
        1,
        0,
        3,
        25,
        0,
        0,
        1,
        0,
        1,
        0
      ],
      "expected_return": 2.169823452879883,
      "expected_risk": 1.4966140305731246,
      "sharpe_ratio": 7.201761315559407,
      "total_value": 35999.09994506836,
      "strategy": "equal_weight",
      "portfolio_id": null
    }
  ]
}