{
  "generated_at": "2026-06-24T17:06:12.019706",
  "budget": 100000.0,
  "target_return_range": [
    2.0,
    15.0
  ],
  "suggestions": [
    {
      "symbols": [
        "PFE",
        "LLY",
        "4385.T",
        "CAT",
        "2914.T",
        "VNQ",
        "2561.T",
        "6501.T",
        "6954.T",
        "MSFT",
        "9983.T",
        "V",
        "JNJ",
        "MA",
        "TLT",
        "7203.T",
        "NVDA",
        "CVX",
        "ABBV",
        "BAC",
        "6758.T",
        "NKE",
        "KO",
        "8306.T",
        "AMD",
        "4661.T",
        "TSLA",
        "8058.T",
        "META",
        "JPM",
        "8031.T",
        "PG",
        "IEF",
        "GDX",
        "GSG",
        "PLTR",
        "HD",
        "SNAP",
        "AMZN",
        "GLD",
        "7269.T",
        "8411.T",
        "ORCL",
        "COIN",
        "INTC",
        "RBLX",
        "4689.T",
        "CRM",
        "7267.T",
        "8316.T",
        "1343.T",
        "6861.T",
        "SHY",
        "UNH",
        "GS",
        "AAPL",
        "3923.T",
        "9984.T",
        "4502.T",
        "4519.T",
        "SLV",
        "GOOGL",
        "IAU",
        "6902.T",
        "LQD",
        "XOM",
        "8001.T",
        "9432.T",
        "BA",
        "HYG",
        "TIP",
        "NEE",
        "EMB",
        "AVGO",
        "PEP",
        "4478.T"
      ],
      "weights": [
        0.013157894736842105,
        0.013157894736842105,
        0.013157894736842105,
        0.013157894736842105,
        0.013157894736842105,
        0.013157894736842105,
        0.013157894736842105,
        0.013157894736842105,
        0.013157894736842105,
        0.013157894736842105,
        0.013157894736842105,
        0.013157894736842105,
        0.013157894736842105,
        0.013157894736842105,
        0.013157894736842105,
        0.013157894736842105,
        0.013157894736842105,
        0.013157894736842105,
        0.013157894736842105,
        0.013157894736842105,
        0.013157894736842105,
        0.013157894736842105,
        0.013157894736842105,
        0.013157894736842105,
        0.013157894736842105,
        0.013157894736842105,
        0.013157894736842105,
        0.013157894736842105,
        0.013157894736842105,
        0.013157894736842105,
        0.013157894736842105,
        0.013157894736842105,
        0.013157894736842105,
        0.013157894736842105,
        0.013157894736842105,
        0.013157894736842105,
        0.013157894736842105,
        0.013157894736842105,
        0.013157894736842105,
        0.013157894736842105,
        0.013157894736842105,
        0.013157894736842105,
        0.013157894736842105,
        0.013157894736842105,
        0.013157894736842105,
        0.013157894736842105,
        0.013157894736842105,
        0.013157894736842105,
        0.013157894736842105,
        0.013157894736842105,
        0.013157894736842105,
        0.013157894736842105,
        0.013157894736842105,
        0.013157894736842105,
        0.013157894736842105,
        0.013157894736842105,
        0.013157894736842105,
        0.013157894736842105,
        0.013157894736842105,
        0.013157894736842105,
        0.013157894736842105,
        0.013157894736842105,
        0.013157894736842105,
        0.013157894736842105,
        0.013157894736842105,
        0.013157894736842105,
        0.013157894736842105,
        0.013157894736842105,
        0.013157894736842105,
        0.013157894736842105,
        0.013157894736842105,
        0.013157894736842105,
        0.013157894736842105,
        0.013157894736842105,
        0.013157894736842105,
        0.013157894736842105
      ],
      "shares": [
        53,
        1,
        0,
        1,
        0,
        13,
        0,
        0,
        0,
        3,
        0,
        4,
        5,
        2,
        15,
        0,
        6,
        7,
        5,
        22,
        0,
        31,
        16,
        0,
        2,
        0,
        3,
        0,
        2,
        3,
        0,
        8,
        13,
        16,
        45,
        11,
        4,
        295,
        5,
        3,
        0,
        0,
        7,
        8,
        9,
        27,
        3,
        8,
        0,
        0,
        0,
        0,
        16,
        3,
        1,
        4,
        1,
        0,
        0,
        0,
        23,
        3,
        17,
        0,
        12,
        9,
        0,
        9,
        6,
        16,
        12,
        15,
        13,
        3,
        9,
        0
      ],
      "expected_return": 1.1410528386784464,
      "expected_risk": 1.0150821117689024,
      "sharpe_ratio": 17.849659844705563,
      "total_value": 62915.22007083893,
      "strategy": "max_sharpe",
      "portfolio_id": null
    },
    {
      "symbols": [
        "PFE",
        "LLY",
        "4385.T",
        "CAT",
        "2914.T",
        "VNQ",
        "2561.T",
        "6501.T",
        "6954.T",
        "MSFT",
        "9983.T",
        "V",
        "JNJ",
        "MA",
        "TLT",
        "7203.T",
        "NVDA",
        "CVX",
        "ABBV",
        "BAC",
        "6758.T",
        "NKE",
        "KO",
        "8306.T",
        "AMD",
        "4661.T",
        "TSLA",
        "8058.T",
        "META",
        "JPM",
        "8031.T",
        "PG",
        "IEF",
        "GDX",
        "GSG",
        "PLTR",
        "HD",
        "SNAP",
        "AMZN",
        "GLD",
        "7269.T",
        "8411.T",
        "ORCL",
        "COIN",
        "INTC",
        "RBLX",
        "4689.T",
        "CRM",
        "7267.T",
        "8316.T",
        "1343.T",
        "6861.T",
        "SHY",
        "UNH",
        "GS",
        "AAPL",
        "3923.T",
        "9984.T",
        "4502.T",
        "4519.T",
        "SLV",
        "GOOGL",
        "IAU",
        "6902.T",
        "LQD",
        "XOM",
        "8001.T",
        "9432.T",
        "BA",
        "HYG",
        "TIP",
        "NEE",
        "EMB",
        "AVGO",
        "PEP",
        "4478.T"
      ],
      "weights": [
        1.916681095332702e-15,
        0.17628030541116232,
        0.0,
        0.12783150550900652,
        8.097833501128095e-16,
        0.0,
        0.0,
        0.0,
        1.1546681016694163e-15,
        2.8402123865264948e-15,
        0.0,
        0.0,
        3.172447263148549e-14,
        0.0,
        0.0,
        0.014566158256368646,
        0.0,
        0.0,
        0.12549392258653788,
        1.725483568368565e-15,
        0.0,
        2.544043849951279e-15,
        0.0041621964360557704,
        3.3173061174770123e-16,
        0.0,
        0.2419541437961999,
        6.5936413434838844e-15,
        0.0,
        0.0,
        0.0,
        0.011324470409379912,
        0.0725371888550662,
        0.0,
        1.2175262300311757e-14,
        0.0,
        0.04017919567434434,
        0.0,
        0.0,
        0.0,
        0.0,
        3.950800779004744e-15,
        2.280168810552201e-15,
        5.779340713678389e-15,
        0.050277640801804246,
        0.0,
        5.368471884537647e-15,
        0.0,
        2.9786405130545185e-15,
        0.0,
        2.3529236596105923e-15,
        0.0,
        0.0,
        0.0,
        0.11573051966753334,
        1.7580030932640952e-15,
        1.6145801431469506e-15,
        0.0,
        7.739648240896738e-15,
        0.0,
        3.593748741546013e-15,
        4.009677624316995e-15,
        8.986533875124813e-16,
        0.0,
        3.0178100461731833e-15,
        0.0,
        0.0,
        0.0,
        0.0,
        0.01966275259640342,
        0.0,
        0.0,
        1.2278791634790914e-14,
        0.0,
        4.674499062722748e-15,
        0.0,
        1.3561842110905682e-14
      ],