{
  "generated_at": "2026-06-16T18:57:40.217252",
  "budget": 100000.0,
  "target_return_range": [
    2.0,
    15.0
  ],
  "suggestions": [
    {
      "symbols": [
        "6902.T",
        "9983.T",
        "4385.T",
        "AAPL",
        "9984.T",
        "ABBV",
        "9432.T",
        "GOOGL",
        "JNJ",
        "7269.T",
        "4689.T",
        "PG",
        "6954.T",
        "8316.T",
        "NVDA",
        "META",
        "CVX",
        "NEE",
        "AVGO",
        "JPM",
        "1343.T",
        "2914.T",
        "ORCL",
        "VNQ",
        "CRM",
        "LLY",
        "IAU",
        "7267.T",
        "IEF",
        "TLT",
        "HYG",
        "8306.T",
        "PFE",
        "NKE",
        "KO",
        "AMZN",
        "SLV",
        "GDX",
        "BA",
        "INTC",
        "GS",
        "8031.T",
        "3923.T",
        "GSG",
        "MA",
        "PLTR",
        "GLD",
        "SHY",
        "BAC",
        "6501.T",
        "COIN",
        "HD",
        "CAT",
        "RBLX",
        "XOM",
        "2561.T",
        "TSLA",
        "PEP",
        "LQD",
        "7203.T",
        "MSFT",
        "4661.T",
        "6861.T",
        "8411.T",
        "8058.T",
        "8001.T",
        "4478.T",
        "SNAP",
        "4519.T",
        "4502.T",
        "TIP",
        "AMD",
        "6758.T"
      ],
      "weights": [
        0.0136986301369863,
        0.0136986301369863,
        0.0136986301369863,
        0.0136986301369863,
        0.0136986301369863,
        0.0136986301369863,
        0.0136986301369863,
        0.0136986301369863,
        0.0136986301369863,
        0.0136986301369863,
        0.0136986301369863,
        0.0136986301369863,
        0.0136986301369863,
        0.0136986301369863,
        0.0136986301369863,
        0.0136986301369863,
        0.0136986301369863,
        0.0136986301369863,
        0.0136986301369863,
        0.0136986301369863,
        0.0136986301369863,
        0.0136986301369863,
        0.0136986301369863,
        0.0136986301369863,
        0.0136986301369863,
        0.0136986301369863,
        0.0136986301369863,
        0.0136986301369863,
        0.0136986301369863,
        0.0136986301369863,
        0.0136986301369863,
        0.0136986301369863,
        0.0136986301369863,
        0.0136986301369863,
        0.0136986301369863,
        0.0136986301369863,
        0.0136986301369863,
        0.0136986301369863,
        0.0136986301369863,
        0.0136986301369863,
        0.0136986301369863,
        0.0136986301369863,
        0.0136986301369863,
        0.0136986301369863,
        0.0136986301369863,
        0.0136986301369863,
        0.0136986301369863,
        0.0136986301369863,
        0.0136986301369863,
        0.0136986301369863,
        0.0136986301369863,
        0.0136986301369863,
        0.0136986301369863,
        0.0136986301369863,
        0.0136986301369863,
        0.0136986301369863,
        0.0136986301369863,
        0.0136986301369863,
        0.0136986301369863,
        0.0136986301369863,
        0.0136986301369863,
        0.0136986301369863,
        0.0136986301369863,
        0.0136986301369863,
        0.0136986301369863,
        0.0136986301369863,
        0.0136986301369863,
        0.0136986301369863,
        0.0136986301369863,
        0.0136986301369863,
        0.0136986301369863,
        0.0136986301369863,
        0.0136986301369863
      ],
      "shares": [
        0,
        0,
        0,
        4,
        0,
        6,
        9,
        3,
        5,
        0,
        3,
        9,
        0,
        0,
        6,
        2,
        7,
        15,
        3,
        4,
        0,
        0,
        7,
        14,
        8,
        1,
        16,
        0,
        14,
        15,
        17,
        0,
        52,
        30,
        16,
        5,
        21,
        16,
        5,
        10,
        1,
        0,
        1,
        45,
        2,
        10,
        3,
        16,
        24,
        0,
        8,
        4,
        1,
        30,
        9,
        0,
        3,
        9,
        12,
        0,
        3,
        0,
        0,
        0,
        0,
        0,
        0,
        239,
        0,
        0,
        12,
        2,
        0
      ],
      "expected_return": 1.27489934573291,
      "expected_risk": 0.76162437175866,
      "sharpe_ratio": 27.196390026991143,
      "total_value": 61556.590249061584,
      "strategy": "max_sharpe",
      "portfolio_id": null
    },
    {
      "symbols": [
        "6902.T",
        "9983.T",
        "4385.T",
        "AAPL",
        "9984.T",
        "ABBV",
        "9432.T",
        "GOOGL",
        "JNJ",
        "7269.T",
        "4689.T",
        "PG",
        "6954.T",
        "8316.T",
        "NVDA",
        "META",
        "CVX",
        "NEE",
        "AVGO",
        "JPM",
        "1343.T",
        "2914.T",
        "ORCL",
        "VNQ",
        "CRM",
        "LLY",
        "IAU",
        "7267.T",
        "IEF",
        "TLT",
        "HYG",
        "8306.T",
        "PFE",
        "NKE",
        "KO",
        "AMZN",
        "SLV",
        "GDX",
        "BA",
        "INTC",
        "GS",
        "8031.T",
        "3923.T",
        "GSG",
        "MA",
        "PLTR",
        "GLD",
        "SHY",
        "BAC",
        "6501.T",
        "COIN",
        "HD",
        "CAT",
        "RBLX",
        "XOM",
        "2561.T",
        "TSLA",
        "PEP",
        "LQD",
        "7203.T",
        "MSFT",
        "4661.T",
        "6861.T",
        "8411.T",
        "8058.T",
        "8001.T",
        "4478.T",
        "SNAP",
        "4519.T",
        "4502.T",
        "TIP",
        "AMD",
        "6758.T"
      ],
      "weights": [
        0.0136986301369863,
        0.0136986301369863,
        0.0136986301369863,
        0.0136986301369863,
        0.0136986301369863,
        0.0136986301369863,
        0.0136986301369863,
        0.0136986301369863,
        0.0136986301369863,
        0.0136986301369863,
        0.0136986301369863,
        0.0136986301369863,
        0.0136986301369863,
        0.0136986301369863,
        0.0136986301369863,
        0.0136986301369863,
        0.0136986301369863,
        0.0136986301369863,
        0.0136986301369863,
        0.0136986301369863,
        0.0136986301369863,
        0.0136986301369863,
        0.0136986301369863,
        0.0136986301369863,
        0.0136986301369863,
        0.0136986301369863,
        0.0136986301369863,
        0.0136986301369863,
        0.0136986301369863,
        0.0136986301369863,
        0.0136986301369863,
        0.0136986301369863,
        0.0136986301369863,
        0.0136986301369863,
        0.0136986301369863,
        0.0136986301369863,
        0.0136986301369863,
        0.0136986301369863,
        0.0136986301369863,
        0.0136986301369863,
        0.0136986301369863,
        0.0136986301369863,
        0.0136986301369863,
        0.0136986301369863,
        0.0136986301369863,
        0.0136986301369863,
        0.0136986301369863,
        0.0136986301369863,
        0.0136986301369863,
        0.0136986301369863,
        0.0136986301369863,
        0.0136986301369863,
        0.0136986301369863,
        0.0136986301369863,
        0.0136986301369863,
        0.0136986301369863,
        0.0136986301369863,
        0.0136986301369863,
        0.0136986301369863,
        0.0136986301369863,
        0.0136986301369863,
        0.0136986301369863,
        0.0136986301369863,
        0.0136986301369863,
        0.0136986301369863,
        0.0136986301369863,
        0.0136986301369863,
        0.0136986301369863,
        0.0136986301369863,
        0.0136986301369863,
        0.0136986301369863,
        0.0136986301369863,
        0.0136986301369863
      ],