{
  "generated_at": "2026-05-26T17:58:15.865065",
  "budget": 100000.0,
  "target_return_range": [
    2.0,
    15.0
  ],
  "suggestions": [
    {
      "symbols": [
        "9983.T",
        "2914.T",
        "3923.T",
        "6954.T",
        "6758.T",
        "7269.T",
        "2561.T",
        "4502.T",
        "6501.T",
        "8058.T",
        "7267.T",
        "8001.T",
        "4689.T",
        "4385.T",
        "9984.T",
        "9432.T",
        "8316.T",
        "6902.T",
        "4519.T",
        "4478.T",
        "8031.T",
        "6861.T",
        "8411.T",
        "8306.T",
        "4661.T",
        "7203.T",
        "1343.T"
      ],
      "weights": [
        0.03703703703703704,
        0.03703703703703704,
        0.03703703703703704,
        0.03703703703703704,
        0.03703703703703704,
        0.03703703703703704,
        0.03703703703703704,
        0.03703703703703704,
        0.03703703703703704,
        0.03703703703703704,
        0.03703703703703704,
        0.03703703703703704,
        0.03703703703703704,
        0.03703703703703704,
        0.03703703703703704,
        0.03703703703703704,
        0.03703703703703704,
        0.03703703703703704,
        0.03703703703703704,
        0.03703703703703704,
        0.03703703703703704,
        0.03703703703703704,
        0.03703703703703704,
        0.03703703703703704,
        0.03703703703703704,
        0.03703703703703704,
        0.03703703703703704
      ],
      "shares": [
        0,
        0,
        3,
        0,
        1,
        1,
        1,
        0,
        0,
        0,
        2,
        1,
        9,
        0,
        0,
        24,
        0,
        2,
        0,
        1,
        0,
        0,
        0,
        1,
        1,
        1,
        1
      ],
      "expected_return": 0.7882155732905155,
      "expected_risk": 1.1770964297842839,
      "sharpe_ratio": 1.162510660193749,
      "total_value": 38350.399963378906,
      "strategy": "max_sharpe",
      "portfolio_id": null
    },
    {
      "symbols": [
        "9983.T",
        "2914.T",
        "3923.T",
        "6954.T",
        "6758.T",
        "7269.T",
        "2561.T",
        "4502.T",
        "6501.T",
        "8058.T",
        "7267.T",
        "8001.T",
        "4689.T",
        "4385.T",
        "9984.T",
        "9432.T",
        "8316.T",
        "6902.T",
        "4519.T",
        "4478.T",
        "8031.T",
        "6861.T",
        "8411.T",
        "8306.T",
        "4661.T",
        "7203.T",
        "1343.T"
      ],
      "weights": [
        0.013377014905427673,
        5.089220098582675e-16,
        1.6768896527779074e-15,
        0.0,
        0.0,
        0.0,
        0.34474877699794965,
        0.0,
        6.091469702699461e-16,
        5.148783455433597e-16,
        0.019293823454258945,
        8.244239685488207e-16,
        0.05583482838630941,
        0.002962590562836688,
        0.0,
        0.13736055577898806,
        0.0,
        0.04746767524029719,
        0.03534899620450244,
        0.037185934982592046,
        0.026223009860402175,
        0.11182361204028626,
        0.0,
        2.7153552242323687e-16,
        0.0,
        3.6293140975337985e-16,
        0.16837318158614473
      ],
      "shares": [
        0,
        0,
        0,
        0,
        0,
        0,
        17,
        0,
        0,
        0,
        1,
        0,
        14,
        0,
        0,
        91,
        0,
        2,
        0,
        1,
        0,
        0,
        0,
        0,
        0,
        0,
        8
      ],
      "expected_return": 1.9999999999999751,
      "expected_risk": 0.47977496339970055,
      "sharpe_ratio": 20.054447092105207,
      "total_value": 76224.19972229004,
      "strategy": "min_variance",
      "portfolio_id": null
    },
    {
      "symbols": [
        "9983.T",
        "2914.T",
        "3923.T",
        "6954.T",
        "6758.T",
        "7269.T",
        "2561.T",
        "4502.T",
        "6501.T",
        "8058.T",
        "7267.T",
        "8001.T",
        "4689.T",
        "4385.T",
        "9984.T",
        "9432.T",
        "8316.T",
        "6902.T",
        "4519.T",
        "4478.T",
        "8031.T",
        "6861.T",
        "8411.T",
        "8306.T",
        "4661.T",
        "7203.T",
        "1343.T"
      ],
      "weights": [
        0.0,
        0.0,
        0.0,
        0.0,
        8.240279127769078e-14,
        5.70569837385262e-14,
        3.2594560184261237e-14,
        0.0,
        0.0,
        1.1078419609911975e-14,
        0.0,
        1.7356392501210615e-14,
        0.0,
        0.0,
        9.916946316060974e-14,
        3.6059937975898423e-14,
        0.0,
        0.0,
        0.19999999999990398,
        0.399999999999792,
        0.0,
        0.399999999999792,
        0.0,
        4.6321002203978296e-14,
        0.0,
        5.5549464480335975e-14,
        7.449112836263096e-14
      ],
      "shares": [
        0,
        0,
        0,
        0,
        0,
        0,
        0,
        0,
        0,
        0,
        0,
        0,
        0,
        0,
        0,
        0,
        0,
        0,
        2,
        18,
        0,
        0,
        0,
        0,
        0,
        0,
        0
      ],
      "expected_return": 8.12172457460026,
      "expected_risk": 1.6408335946031771,
      "sharpe_ratio": 31.274060758366016,
      "total_value": 55600.0,
      "strategy": "target_return",
      "portfolio_id": null
    },
    {
      "symbols": [
        "9983.T",
        "2914.T",
        "3923.T",
        "6954.T",
        "6758.T",
        "7269.T",
        "2561.T",
        "4502.T",
        "6501.T",
        "8058.T",
        "7267.T",
        "8001.T",
        "4689.T",
        "4385.T",
        "9984.T",
        "9432.T",
        "8316.T",
        "6902.T",
        "4519.T",
        "4478.T",
        "8031.T",
        "6861.T",
        "8411.T",
        "8306.T",
        "4661.T",
        "7203.T",
        "1343.T"
      ],
      "weights": [
        0.037037037037037035,
        0.037037037037037035,
        0.037037037037037035,
        0.037037037037037035,
        0.037037037037037035,
        0.037037037037037035,
        0.037037037037037035,
        0.037037037037037035,
        0.037037037037037035,
        0.037037037037037035,
        0.037037037037037035,
        0.037037037037037035,
        0.037037037037037035,
        0.037037037037037035,
        0.037037037037037035,
        0.037037037037037035,
        0.037037037037037035,
        0.037037037037037035,
        0.037037037037037035,
        0.037037037037037035,
        0.037037037037037035,
        0.037037037037037035,
        0.037037037037037035,
        0.037037037037037035,
        0.037037037037037035,
        0.037037037037037035,
        0.037037037037037035
      ],
      "shares": [
        0,
        0,
        3,
        0,
        1,
        1,
        1,
        0,
        0,
        0,
        2,
        1,
        9,
        0,
        0,
        24,
        0,
        2,
        0,
        1,
        0,
        0,
        0,
        1,
        1,
        1,
        1
      ],
      "expected_return": 0.7882155732905155,
      "expected_risk": 1.1770964297842839,
      "sharpe_ratio": 1.162510660193749,
      "total_value": 38350.399963378906,
      "strategy": "equal_weight",
      "portfolio_id": null
    }
  ]
}