{
  "generated_at": "2026-05-05T16:27:07.290573",
  "budget": 100000.0,
  "target_return_range": [
    2.0,
    15.0
  ],
  "suggestions": [
    {
      "symbols": [
        "ABBV",
        "NVDA",
        "GOOGL",
        "META",
        "MA",
        "AAPL",
        "JPM",
        "UNH",
        "V",
        "BAC",
        "TSLA",
        "NKE",
        "BA",
        "NEE",
        "MSFT",
        "PLTR",
        "PEP",
        "SNAP",
        "RBLX",
        "CRM",
        "XOM",
        "CVX",
        "COIN",
        "AMD",
        "INTC",
        "ORCL",
        "JNJ",
        "CAT",
        "GS",
        "HD",
        "PG",
        "KO",
        "SHY",
        "IEF",
        "TLT",
        "PFE",
        "LQD",
        "LLY",
        "EMB",
        "IAU",
        "GSG",
        "AVGO",
        "HYG",
        "AMZN",
        "SLV",
        "TIP",
        "GLD",
        "GDX",
        "VNQ"
      ],
      "weights": [
        0.020408163265306124,
        0.020408163265306124,
        0.020408163265306124,
        0.020408163265306124,
        0.020408163265306124,
        0.020408163265306124,
        0.020408163265306124,
        0.020408163265306124,
        0.020408163265306124,
        0.020408163265306124,
        0.020408163265306124,
        0.020408163265306124,
        0.020408163265306124,
        0.020408163265306124,
        0.020408163265306124,
        0.020408163265306124,
        0.020408163265306124,
        0.020408163265306124,
        0.020408163265306124,
        0.020408163265306124,
        0.020408163265306124,
        0.020408163265306124,
        0.020408163265306124,
        0.020408163265306124,
        0.020408163265306124,
        0.020408163265306124,
        0.020408163265306124,
        0.020408163265306124,
        0.020408163265306124,
        0.020408163265306124,
        0.020408163265306124,
        0.020408163265306124,
        0.020408163265306124,
        0.020408163265306124,
        0.020408163265306124,
        0.020408163265306124,
        0.020408163265306124,
        0.020408163265306124,
        0.020408163265306124,
        0.020408163265306124,
        0.020408163265306124,
        0.020408163265306124,
        0.020408163265306124,
        0.020408163265306124,
        0.020408163265306124,
        0.020408163265306124,
        0.020408163265306124,
        0.020408163265306124,
        0.020408163265306124
      ],
      "shares": [
        9,
        10,
        5,
        3,
        4,
        7,
        6,
        5,
        6,
        39,
        5,
        47,
        9,
        21,
        4,
        13,
        13,
        330,
        42,
        11,
        13,
        10,
        10,
        5,
        21,
        11,
        9,
        2,
        2,
        6,
        14,
        26,
        24,
        21,
        24,
        77,
        18,
        2,
        21,
        24,
        59,
        4,
        25,
        7,
        30,
        18,
        4,
        23,
        21
      ],
      "expected_return": 0.36939477553438776,
      "expected_risk": 0.6740181212239204,
      "sharpe_ratio": 0.9708554577849491,
      "total_value": 95177.27996444702,
      "strategy": "max_sharpe",
      "portfolio_id": null
    },
    {
      "symbols": [
        "ABBV",
        "NVDA",
        "GOOGL",
        "META",
        "MA",
        "AAPL",
        "JPM",
        "UNH",
        "V",
        "BAC",
        "TSLA",
        "NKE",
        "BA",
        "NEE",
        "MSFT",
        "PLTR",
        "PEP",
        "SNAP",
        "RBLX",
        "CRM",
        "XOM",
        "CVX",
        "COIN",
        "AMD",
        "INTC",
        "ORCL",
        "JNJ",
        "CAT",
        "GS",
        "HD",
        "PG",
        "KO",
        "SHY",
        "IEF",
        "TLT",
        "PFE",
        "LQD",
        "LLY",
        "EMB",
        "IAU",
        "GSG",
        "AVGO",
        "HYG",
        "AMZN",
        "SLV",
        "TIP",
        "GLD",
        "GDX",
        "VNQ"
      ],
      "weights": [
        0.0,
        0.0,
        0.020697142981359187,
        0.0,
        0.0,
        0.08277845357564499,
        0.0,
        0.0,
        0.0,
        4.494550929620329e-17,
        0.0,
        0.030347859358475216,
        0.06795982785593768,
        0.0,
        0.1757542496459424,
        7.083543551731389e-16,
        0.2721789194505808,
        0.03500000274958008,
        6.57070656880021e-16,
        0.003777173542607357,
        2.9669443897775567e-16,
        0.0,
        0.052447457687700975,
        0.0,
        1.8931486732428706e-15,
        0.0,
        3.227087780947557e-16,
        0.0,
        0.0,
        0.0516955413434646,
        9.55571421976886e-16,
        2.462869856304939e-16,
        2.8105227207471925e-15,
        5.795344622533718e-16,
        3.9972610301163423e-16,
        0.0,
        5.3606566878741456e-17,
        0.0,
        0.0,
        1.4344638953117475e-14,
        5.980533917275168e-16,
        0.11227124464172072,
        6.747794083048491e-16,
        0.0033572873651310496,
        0.0,
        2.6205963137198687e-16,
        0.09173483980182977,
        0.0,
        3.435897257185818e-16
      ],
      "shares": [
        0,
        0,
        5,
        0,
        0,
        29,
        0,
        0,
        0,
        0,
        0,
        70,
        30,
        0,
        42,
        0,
        176,
        567,
        0,
        2,
        0,
        0,
        25,
        0,
        0,
        0,
        0,
        0,
        0,
        16,
        0,
        0,
        0,
        0,
        0,
        0,
        0,
        0,
        0,
        0,
        0,
        26,
        0,
        1,
        0,
        0,
        22,
        0,
        0
      ],
      "expected_return": 1.9999999999999205,
      "expected_risk": 0.263889884327223,
      "sharpe_ratio": 80.33653903033805,
      "total_value": 98346.9890499115,
      "strategy": "min_variance",
      "portfolio_id": null
    },
    {
      "symbols": [
        "ABBV",
        "NVDA",
        "GOOGL",
        "META",
        "MA",
        "AAPL",
        "JPM",
        "UNH",
        "V",
        "BAC",
        "TSLA",
        "NKE",
        "BA",
        "NEE",
        "MSFT",
        "PLTR",
        "PEP",
        "SNAP",
        "RBLX",
        "CRM",
        "XOM",
        "CVX",
        "COIN",
        "AMD",
        "INTC",
        "ORCL",
        "JNJ",
        "CAT",
        "GS",
        "HD",
        "PG",
        "KO",
        "SHY",
        "IEF",
        "TLT",
        "PFE",
        "LQD",
        "LLY",
        "EMB",
        "IAU",
        "GSG",
        "AVGO",
        "HYG",
        "AMZN",
        "SLV",
        "TIP",
        "GLD",
        "GDX",
        "VNQ"
      ],