{
  "generated_at": "2026-06-10T17:59:53.638054",
  "budget": 100000.0,
  "target_return_range": [
    2.0,
    15.0
  ],
  "suggestions": [
    {
      "symbols": [
        "V",
        "4385.T",
        "AAPL",
        "EMB",
        "IAU",
        "SLV",
        "MSFT",
        "1343.T",
        "NVDA",
        "8306.T",
        "9983.T",
        "AVGO",
        "NEE",
        "UNH",
        "INTC",
        "GS",
        "8058.T",
        "ORCL",
        "8031.T",
        "7269.T",
        "XOM",
        "RBLX",
        "7267.T",
        "JPM",
        "TIP",
        "GOOGL",
        "NKE",
        "LQD",
        "PFE",
        "IEF",
        "ABBV",
        "LLY",
        "MA",
        "AMZN",
        "SHY",
        "BA",
        "2914.T",
        "4689.T",
        "4661.T",
        "PEP",
        "GDX",
        "TSLA",
        "CRM",
        "PG",
        "3923.T",
        "AMD",
        "6758.T",
        "4478.T",
        "VNQ",
        "COIN",
        "9984.T",
        "TLT",
        "META",
        "CAT",
        "2561.T",
        "4502.T",
        "4519.T",
        "JNJ",
        "7203.T",
        "GLD",
        "KO",
        "HD",
        "8316.T",
        "CVX",
        "BAC",
        "8001.T",
        "PLTR",
        "9432.T",
        "GSG",
        "6954.T",
        "6902.T",
        "6501.T",
        "6861.T",
        "8411.T",
        "HYG",
        "SNAP"
      ],
      "weights": [
        0.013157894736842105,
        0.013157894736842105,
        0.013157894736842105,
        0.013157894736842105,
        0.013157894736842105,
        0.013157894736842105,
        0.013157894736842105,
        0.013157894736842105,
        0.013157894736842105,
        0.013157894736842105,
        0.013157894736842105,
        0.013157894736842105,
        0.013157894736842105,
        0.013157894736842105,
        0.013157894736842105,
        0.013157894736842105,
        0.013157894736842105,
        0.013157894736842105,
        0.013157894736842105,
        0.013157894736842105,
        0.013157894736842105,
        0.013157894736842105,
        0.013157894736842105,
        0.013157894736842105,
        0.013157894736842105,
        0.013157894736842105,
        0.013157894736842105,
        0.013157894736842105,
        0.013157894736842105,
        0.013157894736842105,
        0.013157894736842105,
        0.013157894736842105,
        0.013157894736842105,
        0.013157894736842105,
        0.013157894736842105,
        0.013157894736842105,
        0.013157894736842105,
        0.013157894736842105,
        0.013157894736842105,
        0.013157894736842105,
        0.013157894736842105,
        0.013157894736842105,
        0.013157894736842105,
        0.013157894736842105,
        0.013157894736842105,
        0.013157894736842105,
        0.013157894736842105,
        0.013157894736842105,
        0.013157894736842105,
        0.013157894736842105,
        0.013157894736842105,
        0.013157894736842105,
        0.013157894736842105,
        0.013157894736842105,
        0.013157894736842105,
        0.013157894736842105,
        0.013157894736842105,
        0.013157894736842105,
        0.013157894736842105,
        0.013157894736842105,
        0.013157894736842105,
        0.013157894736842105,
        0.013157894736842105,
        0.013157894736842105,
        0.013157894736842105,
        0.013157894736842105,
        0.013157894736842105,
        0.013157894736842105,
        0.013157894736842105,
        0.013157894736842105,
        0.013157894736842105,
        0.013157894736842105,
        0.013157894736842105,
        0.013157894736842105,
        0.013157894736842105,
        0.013157894736842105
      ],
      "shares": [
        4,
        0,
        4,
        13,
        16,
        22,
        3,
        0,
        6,
        0,
        0,
        3,
        15,
        3,
        12,
        1,
        0,
        6,
        0,
        0,
        8,
        30,
        0,
        4,
        12,
        3,
        29,
        12,
        51,
        14,
        5,
        1,
        2,
        5,
        16,
        6,
        0,
        3,
        0,
        9,
        16,
        3,
        7,
        8,
        1,
        2,
        0,
        0,
        13,
        8,
        0,
        15,
        2,
        1,
        0,
        0,
        0,
        5,
        0,
        3,
        16,
        4,
        0,
        7,
        24,
        0,
        9,
        8,
        42,
        0,
        0,
        0,
        0,
        0,
        16,
        235
      ],
      "expected_return": 1.1969091078259553,
      "expected_risk": 0.9027307968136934,
      "sharpe_ratio": 21.270596695268257,
      "total_value": 63390.86009597778,
      "strategy": "max_sharpe",
      "portfolio_id": null
    },
    {
      "symbols": [
        "V",
        "4385.T",
        "AAPL",
        "EMB",
        "IAU",
        "SLV",
        "MSFT",
        "1343.T",
        "NVDA",
        "8306.T",
        "9983.T",
        "AVGO",
        "NEE",
        "UNH",
        "INTC",
        "GS",
        "8058.T",
        "ORCL",
        "8031.T",
        "7269.T",
        "XOM",
        "RBLX",
        "7267.T",
        "JPM",
        "TIP",
        "GOOGL",
        "NKE",
        "LQD",
        "PFE",
        "IEF",
        "ABBV",
        "LLY",
        "MA",
        "AMZN",
        "SHY",
        "BA",
        "2914.T",
        "4689.T",
        "4661.T",
        "PEP",
        "GDX",
        "TSLA",
        "CRM",
        "PG",
        "3923.T",
        "AMD",
        "6758.T",
        "4478.T",
        "VNQ",
        "COIN",
        "9984.T",
        "TLT",
        "META",
        "CAT",
        "2561.T",
        "4502.T",
        "4519.T",
        "JNJ",
        "7203.T",
        "GLD",
        "KO",
        "HD",
        "8316.T",
        "CVX",
        "BAC",
        "8001.T",
        "PLTR",
        "9432.T",
        "GSG",
        "6954.T",
        "6902.T",
        "6501.T",
        "6861.T",
        "8411.T",
        "HYG",
        "SNAP"
      ],