{
  "generated_at": "2026-06-02T18:41:53.851865",
  "budget": 100000.0,
  "target_return_range": [
    2.0,
    15.0
  ],
  "suggestions": [
    {
      "symbols": [
        "GDX",
        "LLY",
        "MA",
        "9983.T",
        "2561.T",
        "CRM",
        "GOOGL",
        "V",
        "VNQ",
        "RBLX",
        "META",
        "SHY",
        "8058.T",
        "PLTR",
        "4661.T",
        "TIP",
        "PFE",
        "GS",
        "2914.T",
        "CAT",
        "BA",
        "4519.T",
        "TSLA",
        "INTC",
        "CVX",
        "9432.T",
        "7269.T",
        "AVGO",
        "4502.T",
        "8001.T",
        "PEP",
        "6902.T",
        "6758.T",
        "NEE",
        "TLT",
        "8306.T",
        "KO",
        "NVDA",
        "ORCL",
        "UNH",
        "JNJ",
        "JPM",
        "BAC",
        "4689.T",
        "8316.T",
        "XOM",
        "MSFT",
        "AMZN",
        "4478.T",
        "AMD",
        "GSG",
        "ABBV",
        "HD",
        "PG",
        "8031.T",
        "6861.T",
        "SNAP",
        "6954.T",
        "4385.T",
        "7203.T",
        "NKE",
        "LQD",
        "9984.T",
        "AAPL",
        "8411.T",
        "6501.T",
        "3923.T",
        "7267.T",
        "COIN",
        "HYG",
        "1343.T",
        "IEF",
        "EMB",
        "GLD",
        "IAU",
        "SLV"
      ],
      "weights": [
        0.013157894736842105,
        0.013157894736842105,
        0.013157894736842105,
        0.013157894736842105,
        0.013157894736842105,
        0.013157894736842105,
        0.013157894736842105,
        0.013157894736842105,
        0.013157894736842105,
        0.013157894736842105,
        0.013157894736842105,
        0.013157894736842105,
        0.013157894736842105,
        0.013157894736842105,
        0.013157894736842105,
        0.013157894736842105,
        0.013157894736842105,
        0.013157894736842105,
        0.013157894736842105,
        0.013157894736842105,
        0.013157894736842105,
        0.013157894736842105,
        0.013157894736842105,
        0.013157894736842105,
        0.013157894736842105,
        0.013157894736842105,
        0.013157894736842105,
        0.013157894736842105,
        0.013157894736842105,
        0.013157894736842105,
        0.013157894736842105,
        0.013157894736842105,
        0.013157894736842105,
        0.013157894736842105,
        0.013157894736842105,
        0.013157894736842105,
        0.013157894736842105,
        0.013157894736842105,
        0.013157894736842105,
        0.013157894736842105,
        0.013157894736842105,
        0.013157894736842105,
        0.013157894736842105,
        0.013157894736842105,
        0.013157894736842105,
        0.013157894736842105,
        0.013157894736842105,
        0.013157894736842105,
        0.013157894736842105,
        0.013157894736842105,
        0.013157894736842105,
        0.013157894736842105,
        0.013157894736842105,
        0.013157894736842105,
        0.013157894736842105,
        0.013157894736842105,
        0.013157894736842105,
        0.013157894736842105,
        0.013157894736842105,
        0.013157894736842105,
        0.013157894736842105,
        0.013157894736842105,
        0.013157894736842105,
        0.013157894736842105,
        0.013157894736842105,
        0.013157894736842105,
        0.013157894736842105,
        0.013157894736842105,
        0.013157894736842105,
        0.013157894736842105,
        0.013157894736842105,
        0.013157894736842105,
        0.013157894736842105,
        0.013157894736842105,
        0.013157894736842105,
        0.013157894736842105
      ],
      "shares": [
        15,
        1,
        2,
        0,
        0,
        6,
        3,
        4,
        13,
        27,
        2,
        16,
        0,
        8,
        0,
        11,
        51,
        1,
        0,
        1,
        5,
        0,
        3,
        12,
        7,
        8,
        0,
        2,
        0,
        0,
        9,
        0,
        0,
        15,
        15,
        0,
        16,
        5,
        5,
        3,
        5,
        4,
        25,
        3,
        0,
        8,
        2,
        5,
        0,
        2,
        40,
        6,
        4,
        9,
        0,
        0,
        224,
        0,
        0,
        0,
        28,
        12,
        0,
        4,
        0,
        0,
        1,
        0,
        7,
        16,
        0,
        13,
        13,
        3,
        15,
        19
      ],
      "expected_return": 0.24174451086042756,
      "expected_risk": 0.5835095707008183,
      "sharpe_ratio": 1.1758579442488253,
      "total_value": 62796.96972846985,
      "strategy": "max_sharpe",
      "portfolio_id": null
    },
    {
      "symbols": [
        "GDX",
        "LLY",
        "MA",
        "9983.T",
        "2561.T",
        "CRM",
        "GOOGL",
        "V",
        "VNQ",
        "RBLX",
        "META",
        "SHY",
        "8058.T",
        "PLTR",
        "4661.T",
        "TIP",
        "PFE",
        "GS",
        "2914.T",
        "CAT",
        "BA",
        "4519.T",
        "TSLA",
        "INTC",
        "CVX",
        "9432.T",
        "7269.T",
        "AVGO",
        "4502.T",
        "8001.T",
        "PEP",
        "6902.T",
        "6758.T",
        "NEE",
        "TLT",
        "8306.T",
        "KO",
        "NVDA",
        "ORCL",
        "UNH",
        "JNJ",
        "JPM",
        "BAC",
        "4689.T",
        "8316.T",
        "XOM",
        "MSFT",
        "AMZN",
        "4478.T",
        "AMD",
        "GSG",
        "ABBV",
        "HD",
        "PG",
        "8031.T",
        "6861.T",
        "SNAP",
        "6954.T",
        "4385.T",
        "7203.T",
        "NKE",
        "LQD",
        "9984.T",
        "AAPL",
        "8411.T",
        "6501.T",
        "3923.T",
        "7267.T",
        "COIN",
        "HYG",
        "1343.T",
        "IEF",
        "EMB",
        "GLD",
        "IAU",
        "SLV"
      ],