{
  "generated_at": "2026-06-22T18:48:28.635214",
  "budget": 100000.0,
  "target_return_range": [
    2.0,
    15.0
  ],
  "suggestions": [
    {
      "symbols": [
        "4478.T",
        "8001.T",
        "4502.T",
        "2914.T",
        "4519.T",
        "7267.T",
        "9983.T",
        "6902.T",
        "8031.T",
        "4689.T",
        "8316.T",
        "4385.T",
        "6861.T",
        "3923.T",
        "8058.T",
        "2561.T",
        "9984.T",
        "6758.T",
        "7269.T",
        "7203.T",
        "8306.T",
        "1343.T",
        "4661.T",
        "6501.T",
        "6954.T",
        "8411.T",
        "9432.T"
      ],
      "weights": [
        0.03703703703703704,
        0.03703703703703704,
        0.03703703703703704,
        0.03703703703703704,
        0.03703703703703704,
        0.03703703703703704,
        0.03703703703703704,
        0.03703703703703704,
        0.03703703703703704,
        0.03703703703703704,
        0.03703703703703704,
        0.03703703703703704,
        0.03703703703703704,
        0.03703703703703704,
        0.03703703703703704,
        0.03703703703703704,
        0.03703703703703704,
        0.03703703703703704,
        0.03703703703703704,
        0.03703703703703704,
        0.03703703703703704,
        0.03703703703703704,
        0.03703703703703704,
        0.03703703703703704,
        0.03703703703703704,
        0.03703703703703704,
        0.03703703703703704
      ],
      "shares": [
        1,
        2,
        0,
        0,
        0,
        2,
        0,
        1,
        0,
        9,
        0,
        0,
        0,
        4,
        0,
        1,
        0,
        1,
        1,
        1,
        1,
        1,
        1,
        0,
        0,
        0,
        25
      ],
      "expected_return": 2.111247348889748,
      "expected_risk": 1.299980832200219,
      "sharpe_ratio": 7.984199466809483,
      "total_value": 38752.699798583984,
      "strategy": "max_sharpe",
      "portfolio_id": null
    },
    {
      "symbols": [
        "4478.T",
        "8001.T",
        "4502.T",
        "2914.T",
        "4519.T",
        "7267.T",
        "9983.T",
        "6902.T",
        "8031.T",
        "4689.T",
        "8316.T",
        "4385.T",
        "6861.T",
        "3923.T",
        "8058.T",
        "2561.T",
        "9984.T",
        "6758.T",
        "7269.T",
        "7203.T",
        "8306.T",
        "1343.T",
        "4661.T",
        "6501.T",
        "6954.T",
        "8411.T",
        "9432.T"
      ],
      "weights": [
        0.015397418960073898,
        0.0,
        0.028104443078346808,
        0.0,
        0.045959869611252674,
        0.0,
        0.0,
        1.1094432292267187e-15,
        0.0,
        0.0,
        3.0962447828390264e-16,
        0.04557957092027943,
        0.05096557450239071,
        4.3440854408769524e-16,
        0.0,
        0.3409534759656594,
        2.334185321280445e-16,
        0.0,
        0.0,
        1.6722277645836685e-17,
        3.1296840193371896e-17,
        0.026727217558356487,
        0.0464092493491974,
        0.04002136312682177,
        9.473928857328492e-18,
        3.775903094648637e-16,
        0.359881816927619
      ],
      "shares": [
        0,
        0,
        0,
        0,
        0,
        0,
        0,
        0,
        0,
        0,
        0,
        1,
        0,
        0,
        0,
        16,
        0,
        0,
        0,
        0,
        0,
        1,
        1,
        0,
        0,
        0,
        249
      ],
      "expected_return": 2.0000000000000484,
      "expected_risk": 0.331891826301971,
      "sharpe_ratio": 28.990233733471694,
      "total_value": 76540.09848022461,
      "strategy": "min_variance",
      "portfolio_id": null
    },
    {
      "symbols": [
        "4478.T",
        "8001.T",
        "4502.T",
        "2914.T",
        "4519.T",
        "7267.T",
        "9983.T",
        "6902.T",
        "8031.T",
        "4689.T",
        "8316.T",
        "4385.T",
        "6861.T",
        "3923.T",
        "8058.T",
        "2561.T",
        "9984.T",
        "6758.T",
        "7269.T",
        "7203.T",
        "8306.T",
        "1343.T",
        "4661.T",
        "6501.T",
        "6954.T",
        "8411.T",
        "9432.T"
      ],
      "weights": [
        0.27215076251233167,
        0.013025897591311616,
        0.012971517076953952,
        0.013060089530685173,
        0.012968268727914617,
        0.012997466552132752,
        0.013055166587993116,
        0.01294826943008571,
        0.012973635782251032,
        0.013035158983335701,
        0.012975765272126225,
        0.012946412554570241,
        0.1427545625547999,
        0.013079682525375612,
        0.01306123226654787,
        0.013006723207419997,
        0.013146875406698455,
        0.013211533355444076,
        0.01307057874806409,
        0.012966592941959624,
        0.01297489027969113,
        0.01306487159463197,
        0.012983353544973044,
        0.012988145893498636,
        0.012952282971769416,
        0.27268200951935606,
        0.012948254588078356
      ],
      "shares": [
        13,
        0,
        0,
        0,
        0,
        0,
        0,
        0,
        0,
        3,
        0,
        0,
        0,
        1,
        0,
        0,
        0,
        0,
        0,
        0,
        0,
        0,
        0,
        0,
        0,
        3,
        8
      ],
      "expected_return": 8.499999894417465,
      "expected_risk": 2.57362045346636,
      "sharpe_ratio": 20.94010835906641,
      "total_value": 52857.999938964844,
      "strategy": "target_return",
      "portfolio_id": null
    },
    {
      "symbols": [
        "4478.T",
        "8001.T",
        "4502.T",
        "2914.T",
        "4519.T",
        "7267.T",
        "9983.T",
        "6902.T",
        "8031.T",
        "4689.T",
        "8316.T",
        "4385.T",
        "6861.T",
        "3923.T",
        "8058.T",
        "2561.T",
        "9984.T",
        "6758.T",
        "7269.T",
        "7203.T",
        "8306.T",
        "1343.T",
        "4661.T",
        "6501.T",
        "6954.T",
        "8411.T",
        "9432.T"
      ],
      "weights": [
        0.037037037037037035,
        0.037037037037037035,
        0.037037037037037035,
        0.037037037037037035,
        0.037037037037037035,
        0.037037037037037035,
        0.037037037037037035,
        0.037037037037037035,
        0.037037037037037035,
        0.037037037037037035,
        0.037037037037037035,
        0.037037037037037035,
        0.037037037037037035,
        0.037037037037037035,
        0.037037037037037035,
        0.037037037037037035,
        0.037037037037037035,
        0.037037037037037035,
        0.037037037037037035,
        0.037037037037037035,
        0.037037037037037035,
        0.037037037037037035,
        0.037037037037037035,
        0.037037037037037035,
        0.037037037037037035,
        0.037037037037037035,
        0.037037037037037035
      ],
      "shares": [
        1,
        2,
        0,
        0,
        0,
        2,
        0,
        1,
        0,
        9,
        0,
        0,
        0,
        4,
        0,
        1,
        0,
        1,
        1,
        1,
        1,
        1,
        1,
        0,
        0,
        0,
        25
      ],
      "expected_return": 2.1112473488897474,
      "expected_risk": 1.299980832200219,
      "sharpe_ratio": 7.984199466809482,
      "total_value": 38752.699798583984,
      "strategy": "equal_weight",
      "portfolio_id": null
    }
  ]
}