{
  "generated_at": "2026-06-11T18:14:15.344520",
  "budget": 100000.0,
  "target_return_range": [
    2.0,
    15.0
  ],
  "suggestions": [
    {
      "symbols": [
        "BA",
        "JNJ",
        "NVDA",
        "JPM",
        "9432.T",
        "HYG",
        "IAU",
        "SLV",
        "1343.T",
        "MA",
        "KO",
        "CVX",
        "9984.T",
        "AMD",
        "9983.T",
        "AVGO",
        "INTC",
        "ORCL",
        "6758.T",
        "PG",
        "4385.T",
        "NKE",
        "LLY",
        "NEE",
        "ABBV",
        "RBLX",
        "SHY",
        "AMZN",
        "TSLA",
        "PFE",
        "META",
        "2561.T",
        "4502.T",
        "GOOGL",
        "GS",
        "COIN",
        "8306.T",
        "TIP",
        "8058.T",
        "8001.T",
        "EMB",
        "XOM",
        "2914.T",
        "3923.T",
        "CRM",
        "7203.T",
        "VNQ",
        "4478.T",
        "V",
        "GSG",
        "6902.T",
        "8316.T",
        "TLT",
        "4689.T",
        "IEF",
        "GDX",
        "7267.T",
        "4519.T",
        "4661.T",
        "CAT",
        "AAPL",
        "BAC",
        "MSFT",
        "8031.T",
        "GLD",
        "PLTR",
        "SNAP",
        "HD",
        "6861.T",
        "6954.T",
        "LQD",
        "PEP",
        "UNH",
        "6501.T",
        "7269.T",
        "8411.T"
      ],
      "weights": [
        0.013157894736842105,
        0.013157894736842105,
        0.013157894736842105,
        0.013157894736842105,
        0.013157894736842105,
        0.013157894736842105,
        0.013157894736842105,
        0.013157894736842105,
        0.013157894736842105,
        0.013157894736842105,
        0.013157894736842105,
        0.013157894736842105,
        0.013157894736842105,
        0.013157894736842105,
        0.013157894736842105,
        0.013157894736842105,
        0.013157894736842105,
        0.013157894736842105,
        0.013157894736842105,
        0.013157894736842105,
        0.013157894736842105,
        0.013157894736842105,
        0.013157894736842105,
        0.013157894736842105,
        0.013157894736842105,
        0.013157894736842105,
        0.013157894736842105,
        0.013157894736842105,
        0.013157894736842105,
        0.013157894736842105,
        0.013157894736842105,
        0.013157894736842105,
        0.013157894736842105,
        0.013157894736842105,
        0.013157894736842105,
        0.013157894736842105,
        0.013157894736842105,
        0.013157894736842105,
        0.013157894736842105,
        0.013157894736842105,
        0.013157894736842105,
        0.013157894736842105,
        0.013157894736842105,
        0.013157894736842105,
        0.013157894736842105,
        0.013157894736842105,
        0.013157894736842105,
        0.013157894736842105,
        0.013157894736842105,
        0.013157894736842105,
        0.013157894736842105,
        0.013157894736842105,
        0.013157894736842105,
        0.013157894736842105,
        0.013157894736842105,
        0.013157894736842105,
        0.013157894736842105,
        0.013157894736842105,
        0.013157894736842105,
        0.013157894736842105,
        0.013157894736842105,
        0.013157894736842105,
        0.013157894736842105,
        0.013157894736842105,
        0.013157894736842105,
        0.013157894736842105,
        0.013157894736842105,
        0.013157894736842105,
        0.013157894736842105,
        0.013157894736842105,
        0.013157894736842105,
        0.013157894736842105,
        0.013157894736842105,
        0.013157894736842105,
        0.013157894736842105,
        0.013157894736842105
      ],
      "shares": [
        6,
        5,
        6,
        4,
        8,
        16,
        17,
        22,
        0,
        2,
        15,
        6,
        0,
        2,
        0,
        3,
        12,
        6,
        0,
        8,
        0,
        29,
        1,
        15,
        5,
        31,
        16,
        5,
        3,
        51,
        2,
        0,
        0,
        3,
        1,
        8,
        0,
        12,
        0,
        0,
        13,
        8,
        0,
        1,
        7,
        0,
        13,
        0,
        4,
        41,
        0,
        0,
        15,
        3,
        14,
        17,
        0,
        0,
        0,
        1,
        4,
        24,
        3,
        0,
        3,
        10,
        244,
        4,
        0,
        0,
        12,
        9,
        3,
        0,
        0,
        0
      ],
      "expected_return": 1.0852960617768137,
      "expected_risk": 0.7581552872048055,
      "sharpe_ratio": 22.473030289811074,
      "total_value": 62692.14997291565,
      "strategy": "max_sharpe",
      "portfolio_id": null
    },
    {
      "symbols": [
        "BA",
        "JNJ",
        "NVDA",
        "JPM",
        "9432.T",
        "HYG",
        "IAU",
        "SLV",
        "1343.T",
        "MA",
        "KO",
        "CVX",
        "9984.T",
        "AMD",
        "9983.T",
        "AVGO",
        "INTC",
        "ORCL",
        "6758.T",
        "PG",
        "4385.T",
        "NKE",
        "LLY",
        "NEE",
        "ABBV",
        "RBLX",
        "SHY",
        "AMZN",
        "TSLA",
        "PFE",
        "META",
        "2561.T",
        "4502.T",
        "GOOGL",
        "GS",
        "COIN",
        "8306.T",
        "TIP",
        "8058.T",
        "8001.T",
        "EMB",
        "XOM",
        "2914.T",
        "3923.T",
        "CRM",
        "7203.T",
        "VNQ",
        "4478.T",
        "V",
        "GSG",
        "6902.T",
        "8316.T",
        "TLT",
        "4689.T",
        "IEF",
        "GDX",
        "7267.T",
        "4519.T",
        "4661.T",
        "CAT",
        "AAPL",
        "BAC",
        "MSFT",
        "8031.T",
        "GLD",
        "PLTR",
        "SNAP",
        "HD",
        "6861.T",
        "6954.T",
        "LQD",
        "PEP",
        "UNH",
        "6501.T",
        "7269.T",
        "8411.T"
      ],