{
  "generated_at": "2026-06-29T17:38:37.558066",
  "budget": 100000.0,
  "target_return_range": [
    2.0,
    15.0
  ],
  "suggestions": [
    {
      "symbols": [
        "4478.T",
        "BAC",
        "INTC",
        "NEE",
        "LQD",
        "PG",
        "8411.T",
        "PEP",
        "IAU",
        "MA",
        "CRM",
        "AAPL",
        "BA",
        "4661.T",
        "GOOGL",
        "XOM",
        "6954.T",
        "7267.T",
        "HYG",
        "8001.T",
        "9432.T",
        "JNJ",
        "ABBV",
        "META",
        "7269.T",
        "SHY",
        "2561.T",
        "CVX",
        "EMB",
        "KO",
        "SLV",
        "CAT",
        "2914.T",
        "AVGO",
        "4519.T",
        "6501.T",
        "GSG",
        "6902.T",
        "TSLA",
        "COIN",
        "4689.T",
        "6758.T",
        "8316.T",
        "8058.T",
        "TIP",
        "LLY",
        "SNAP",
        "RBLX",
        "MSFT",
        "8031.T",
        "3923.T",
        "6861.T",
        "VNQ",
        "ORCL",
        "9984.T",
        "AMZN",
        "V",
        "4385.T",
        "9983.T",
        "GLD",
        "PLTR",
        "NVDA",
        "4502.T",
        "GDX",
        "PFE",
        "AMD",
        "NKE",
        "7203.T",
        "1343.T",
        "JPM",
        "GS",
        "IEF",
        "8306.T",
        "HD",
        "TLT",
        "UNH"
      ],
      "weights": [
        0.013157894736842105,
        0.013157894736842105,
        0.013157894736842105,
        0.013157894736842105,
        0.013157894736842105,
        0.013157894736842105,
        0.013157894736842105,
        0.013157894736842105,
        0.013157894736842105,
        0.013157894736842105,
        0.013157894736842105,
        0.013157894736842105,
        0.013157894736842105,
        0.013157894736842105,
        0.013157894736842105,
        0.013157894736842105,
        0.013157894736842105,
        0.013157894736842105,
        0.013157894736842105,
        0.013157894736842105,
        0.013157894736842105,
        0.013157894736842105,
        0.013157894736842105,
        0.013157894736842105,
        0.013157894736842105,
        0.013157894736842105,
        0.013157894736842105,
        0.013157894736842105,
        0.013157894736842105,
        0.013157894736842105,
        0.013157894736842105,
        0.013157894736842105,
        0.013157894736842105,
        0.013157894736842105,
        0.013157894736842105,
        0.013157894736842105,
        0.013157894736842105,
        0.013157894736842105,
        0.013157894736842105,
        0.013157894736842105,
        0.013157894736842105,
        0.013157894736842105,
        0.013157894736842105,
        0.013157894736842105,
        0.013157894736842105,
        0.013157894736842105,
        0.013157894736842105,
        0.013157894736842105,
        0.013157894736842105,
        0.013157894736842105,
        0.013157894736842105,
        0.013157894736842105,
        0.013157894736842105,
        0.013157894736842105,
        0.013157894736842105,
        0.013157894736842105,
        0.013157894736842105,
        0.013157894736842105,
        0.013157894736842105,
        0.013157894736842105,
        0.013157894736842105,
        0.013157894736842105,
        0.013157894736842105,
        0.013157894736842105,
        0.013157894736842105,
        0.013157894736842105,
        0.013157894736842105,
        0.013157894736842105,
        0.013157894736842105,
        0.013157894736842105,
        0.013157894736842105,
        0.013157894736842105,
        0.013157894736842105,
        0.013157894736842105,
        0.013157894736842105,
        0.013157894736842105
      ],
      "shares": [
        0,
        22,
        10,
        14,
        12,
        8,
        0,
        9,
        17,
        2,
        8,
        4,
        6,
        0,
        3,
        9,
        0,
        0,
        16,
        0,
        9,
        5,
        5,
        2,
        0,
        16,
        0,
        7,
        13,
        15,
        24,
        1,
        0,
        3,
        0,
        0,
        46,
        0,
        3,
        8,
        3,
        0,
        0,
        0,
        11,
        1,
        298,
        27,
        3,
        0,
        1,
        0,
        13,
        8,
        0,
        5,
        3,
        0,
        0,
        3,
        11,
        6,
        0,
        17,
        54,
        2,
        32,
        0,
        0,
        3,
        1,
        13,
        0,
        3,
        15,
        3
      ],
      "expected_return": 1.0464053534113305,
      "expected_risk": 0.831237019520255,
      "sharpe_ratio": 19.590279219903472,
      "total_value": 62312.63988113403,
      "strategy": "max_sharpe",
      "portfolio_id": null
    },
    {
      "symbols": [
        "4478.T",
        "BAC",
        "INTC",
        "NEE",
        "LQD",
        "PG",
        "8411.T",
        "PEP",
        "IAU",
        "MA",
        "CRM",
        "AAPL",
        "BA",
        "4661.T",
        "GOOGL",
        "XOM",
        "6954.T",
        "7267.T",
        "HYG",
        "8001.T",
        "9432.T",
        "JNJ",
        "ABBV",
        "META",
        "7269.T",
        "SHY",
        "2561.T",
        "CVX",
        "EMB",
        "KO",
        "SLV",
        "CAT",
        "2914.T",
        "AVGO",
        "4519.T",
        "6501.T",
        "GSG",
        "6902.T",
        "TSLA",
        "COIN",
        "4689.T",
        "6758.T",
        "8316.T",
        "8058.T",
        "TIP",
        "LLY",
        "SNAP",
        "RBLX",
        "MSFT",
        "8031.T",
        "3923.T",
        "6861.T",
        "VNQ",
        "ORCL",
        "9984.T",
        "AMZN",
        "V",
        "4385.T",
        "9983.T",
        "GLD",
        "PLTR",
        "NVDA",
        "4502.T",
        "GDX",
        "PFE",
        "AMD",
        "NKE",
        "7203.T",
        "1343.T",
        "JPM",
        "GS",
        "IEF",
        "8306.T",
        "HD",
        "TLT",
        "UNH"
      ],