{
  "generated_at": "2026-07-03T16:27:23.300750",
  "budget": 100000.0,
  "target_return_range": [
    2.0,
    15.0
  ],
  "suggestions": [
    {
      "symbols": [
        "7267.T",
        "ABBV",
        "8001.T",
        "2561.T",
        "GSG",
        "INTC",
        "TIP",
        "6758.T",
        "IAU",
        "AVGO",
        "SLV",
        "KO",
        "HYG",
        "LLY",
        "TSLA",
        "4519.T",
        "ORCL",
        "MSFT",
        "AMD",
        "SNAP",
        "PG",
        "8316.T",
        "3923.T",
        "AAPL",
        "4385.T",
        "PEP",
        "2914.T",
        "JPM",
        "GDX",
        "4478.T",
        "6954.T",
        "CAT",
        "7203.T",
        "RBLX",
        "9983.T",
        "NKE",
        "6501.T",
        "META",
        "VNQ",
        "PLTR",
        "TLT",
        "GLD",
        "8031.T",
        "AMZN",
        "HD",
        "SHY",
        "COIN",
        "MA",
        "BAC",
        "GS",
        "XOM",
        "6902.T",
        "4502.T",
        "GOOGL",
        "8058.T",
        "BA",
        "8411.T",
        "V",
        "9984.T",
        "PFE",
        "JNJ",
        "7269.T",
        "8306.T",
        "6861.T",
        "4661.T",
        "NEE",
        "IEF",
        "1343.T",
        "CVX",
        "EMB",
        "UNH",
        "CRM",
        "LQD",
        "NVDA",
        "9432.T",
        "4689.T"
      ],
      "weights": [
        0.013157894736842105,
        0.013157894736842105,
        0.013157894736842105,
        0.013157894736842105,
        0.013157894736842105,
        0.013157894736842105,
        0.013157894736842105,
        0.013157894736842105,
        0.013157894736842105,
        0.013157894736842105,
        0.013157894736842105,
        0.013157894736842105,
        0.013157894736842105,
        0.013157894736842105,
        0.013157894736842105,
        0.013157894736842105,
        0.013157894736842105,
        0.013157894736842105,
        0.013157894736842105,
        0.013157894736842105,
        0.013157894736842105,
        0.013157894736842105,
        0.013157894736842105,
        0.013157894736842105,
        0.013157894736842105,
        0.013157894736842105,
        0.013157894736842105,
        0.013157894736842105,
        0.013157894736842105,
        0.013157894736842105,
        0.013157894736842105,
        0.013157894736842105,
        0.013157894736842105,
        0.013157894736842105,
        0.013157894736842105,
        0.013157894736842105,
        0.013157894736842105,
        0.013157894736842105,
        0.013157894736842105,
        0.013157894736842105,
        0.013157894736842105,
        0.013157894736842105,
        0.013157894736842105,
        0.013157894736842105,
        0.013157894736842105,
        0.013157894736842105,
        0.013157894736842105,
        0.013157894736842105,
        0.013157894736842105,
        0.013157894736842105,
        0.013157894736842105,
        0.013157894736842105,
        0.013157894736842105,
        0.013157894736842105,
        0.013157894736842105,
        0.013157894736842105,
        0.013157894736842105,
        0.013157894736842105,
        0.013157894736842105,
        0.013157894736842105,
        0.013157894736842105,
        0.013157894736842105,
        0.013157894736842105,
        0.013157894736842105,
        0.013157894736842105,
        0.013157894736842105,
        0.013157894736842105,
        0.013157894736842105,
        0.013157894736842105,
        0.013157894736842105,
        0.013157894736842105,
        0.013157894736842105,
        0.013157894736842105,
        0.013157894736842105,
        0.013157894736842105,
        0.013157894736842105
      ],
      "shares": [
        0,
        5,
        0,
        0,
        46,
        10,
        12,
        0,
        16,
        3,
        23,
        15,
        16,
        1,
        3,
        0,
        9,
        3,
        2,
        271,
        8,
        0,
        1,
        4,
        0,
        9,
        0,
        3,
        16,
        0,
        0,
        1,
        0,
        23,
        0,
        29,
        0,
        2,
        13,
        10,
        15,
        3,
        0,
        5,
        3,
        16,
        7,
        2,
        22,
        1,
        9,
        0,
        0,
        3,
        0,
        5,
        0,
        3,
        0,
        54,
        5,
        0,
        0,
        0,
        0,
        14,
        13,
        0,
        7,
        13,
        3,
        7,
        12,
        6,
        9,
        3
      ],
      "expected_return": 0.9228745454894592,
      "expected_risk": 1.293664597535568,
      "sharpe_ratio": 10.736606797427152,
      "total_value": 62827.320446014404,
      "strategy": "max_sharpe",
      "portfolio_id": null
    },
    {
      "symbols": [
        "7267.T",
        "ABBV",
        "8001.T",
        "2561.T",
        "GSG",
        "INTC",
        "TIP",
        "6758.T",
        "IAU",
        "AVGO",
        "SLV",
        "KO",
        "HYG",
        "LLY",
        "TSLA",
        "4519.T",
        "ORCL",
        "MSFT",
        "AMD",
        "SNAP",
        "PG",
        "8316.T",
        "3923.T",
        "AAPL",
        "4385.T",
        "PEP",
        "2914.T",
        "JPM",
        "GDX",
        "4478.T",
        "6954.T",
        "CAT",
        "7203.T",
        "RBLX",
        "9983.T",
        "NKE",
        "6501.T",
        "META",
        "VNQ",
        "PLTR",
        "TLT",
        "GLD",
        "8031.T",
        "AMZN",
        "HD",
        "SHY",
        "COIN",
        "MA",
        "BAC",
        "GS",
        "XOM",
        "6902.T",
        "4502.T",
        "GOOGL",
        "8058.T",
        "BA",
        "8411.T",
        "V",
        "9984.T",
        "PFE",
        "JNJ",
        "7269.T",
        "8306.T",
        "6861.T",
        "4661.T",
        "NEE",
        "IEF",
        "1343.T",
        "CVX",
        "EMB",
        "UNH",
        "CRM",
        "LQD",
        "NVDA",
        "9432.T",
        "4689.T"
      ],
      "weights": [
        0.0,
        1.5689025781640678e-16,
        0.0,
        0.0,
        0.0,
        4.45862514687485e-15,
        0.0,
        0.0,
        0.0,
        1.857257364119175e-15,
        0.003705943591841096,
        1.5433292003857772e-15,
        0.0,
        0.0,
        9.011346544800902e-16,
        0.0,
        0.0,
        0.0,
        0.0,
        3.8322666114326724e-15,
        0.0,
        0.0,
        4.568198316580277e-16,
        0.1399951540737575,
        6.641510055229078e-16,
        0.045015533250432095,
        0.0,
        0.0,
        2.246308180215807e-15,
        6.583871973020267e-16,
        1.680620485837725e-15,
        0.0,
        1.403077936495356e-14,
        0.0,
        0.0,
        0.0,
        0.25770965732447576,
        0.0,
        0.0,
        4.030754716715678e-15,
        0.0,
        0.0,
        0.0,
        6.884489424281584e-16,
        0.39999999999996144,
        0.0,
        1.900527362133949e-15,
        1.5932184073611216e-15,
        0.0,
        2.4802470727790388e-15,
        6.802390253165643e-17,
        0.0,
        0.0,
        3.8255157276800483e-16,
        0.0,
        6.532443085325728e-16,
        2.872488856993271e-15,
        6.68059106476929e-15,
        0.0,
        0.0,
        6.786154026096956e-16,
        8.773273246310997e-16,
        3.042246249327197e-16,
        1.9951748686751725e-14,
        6.867879334843042e-16,
        0.0,
        0.0,
        0.0,
        0.07548895687138744,
        0.0,
        0.013763234847066165,
        0.0643215200410022,
        0.0,
        0.0,
        0.0,
        0.0
      ],