{
  "generated_at": "2026-06-05T17:17:11.198642",
  "budget": 100000.0,
  "target_return_range": [
    2.0,
    15.0
  ],
  "suggestions": [
    {
      "symbols": [
        "8316.T",
        "ABBV",
        "4689.T",
        "TSLA",
        "AMD",
        "4519.T",
        "GSG",
        "1343.T",
        "AAPL",
        "GOOGL",
        "CRM",
        "MSFT",
        "LLY",
        "9983.T",
        "GDX",
        "NVDA",
        "ORCL",
        "BA",
        "CAT",
        "COIN",
        "NKE",
        "SNAP",
        "META",
        "JNJ",
        "2914.T",
        "9432.T",
        "4502.T",
        "SHY",
        "IEF",
        "GLD",
        "PG",
        "8058.T",
        "AMZN",
        "8001.T",
        "3923.T",
        "MA",
        "JPM",
        "BAC",
        "4661.T",
        "LQD",
        "TIP",
        "KO",
        "2561.T",
        "RBLX",
        "GS",
        "AVGO",
        "8031.T",
        "IAU",
        "PEP",
        "7269.T",
        "6758.T",
        "6861.T",
        "6902.T",
        "INTC",
        "V",
        "NEE",
        "8306.T",
        "UNH",
        "PFE",
        "HD",
        "XOM",
        "PLTR",
        "TLT",
        "7267.T",
        "4478.T",
        "CVX",
        "6501.T",
        "EMB",
        "SLV",
        "HYG",
        "6954.T",
        "4385.T",
        "9984.T",
        "VNQ",
        "8411.T",
        "7203.T"
      ],
      "weights": [
        0.013157894736842105,
        0.013157894736842105,
        0.013157894736842105,
        0.013157894736842105,
        0.013157894736842105,
        0.013157894736842105,
        0.013157894736842105,
        0.013157894736842105,
        0.013157894736842105,
        0.013157894736842105,
        0.013157894736842105,
        0.013157894736842105,
        0.013157894736842105,
        0.013157894736842105,
        0.013157894736842105,
        0.013157894736842105,
        0.013157894736842105,
        0.013157894736842105,
        0.013157894736842105,
        0.013157894736842105,
        0.013157894736842105,
        0.013157894736842105,
        0.013157894736842105,
        0.013157894736842105,
        0.013157894736842105,
        0.013157894736842105,
        0.013157894736842105,
        0.013157894736842105,
        0.013157894736842105,
        0.013157894736842105,
        0.013157894736842105,
        0.013157894736842105,
        0.013157894736842105,
        0.013157894736842105,
        0.013157894736842105,
        0.013157894736842105,
        0.013157894736842105,
        0.013157894736842105,
        0.013157894736842105,
        0.013157894736842105,
        0.013157894736842105,
        0.013157894736842105,
        0.013157894736842105,
        0.013157894736842105,
        0.013157894736842105,
        0.013157894736842105,
        0.013157894736842105,
        0.013157894736842105,
        0.013157894736842105,
        0.013157894736842105,
        0.013157894736842105,
        0.013157894736842105,
        0.013157894736842105,
        0.013157894736842105,
        0.013157894736842105,
        0.013157894736842105,
        0.013157894736842105,
        0.013157894736842105,
        0.013157894736842105,
        0.013157894736842105,
        0.013157894736842105,
        0.013157894736842105,
        0.013157894736842105,
        0.013157894736842105,
        0.013157894736842105,
        0.013157894736842105,
        0.013157894736842105,
        0.013157894736842105,
        0.013157894736842105,
        0.013157894736842105,
        0.013157894736842105,
        0.013157894736842105,
        0.013157894736842105,
        0.013157894736842105,
        0.013157894736842105,
        0.013157894736842105
      ],
      "shares": [
        0,
        5,
        3,
        3,
        2,
        0,
        40,
        0,
        4,
        3,
        6,
        3,
        1,
        0,
        15,
        6,
        5,
        6,
        1,
        8,
        30,
        216,
        2,
        5,
        0,
        8,
        0,
        16,
        13,
        3,
        9,
        0,
        5,
        0,
        1,
        2,
        4,
        24,
        0,
        12,
        11,
        17,
        0,
        30,
        1,
        3,
        0,
        15,
        9,
        0,
        0,
        0,
        0,
        11,
        4,
        15,
        0,
        3,
        51,
        4,
        8,
        9,
        15,
        0,
        0,
        6,
        0,
        13,
        19,
        16,
        0,
        0,
        0,
        13,
        0,
        0
      ],
      "expected_return": 0.7639361503881585,
      "expected_risk": 0.8613222077957243,
      "sharpe_ratio": 12.54885611284121,
      "total_value": 63663.77994346619,
      "strategy": "max_sharpe",
      "portfolio_id": null
    },
    {
      "symbols": [
        "8316.T",
        "ABBV",
        "4689.T",
        "TSLA",
        "AMD",
        "4519.T",
        "GSG",
        "1343.T",
        "AAPL",
        "GOOGL",
        "CRM",
        "MSFT",
        "LLY",
        "9983.T",
        "GDX",
        "NVDA",
        "ORCL",
        "BA",
        "CAT",
        "COIN",
        "NKE",
        "SNAP",
        "META",
        "JNJ",
        "2914.T",
        "9432.T",
        "4502.T",
        "SHY",
        "IEF",
        "GLD",
        "PG",
        "8058.T",
        "AMZN",
        "8001.T",
        "3923.T",
        "MA",
        "JPM",
        "BAC",
        "4661.T",
        "LQD",
        "TIP",
        "KO",
        "2561.T",
        "RBLX",
        "GS",
        "AVGO",
        "8031.T",
        "IAU",
        "PEP",
        "7269.T",
        "6758.T",
        "6861.T",
        "6902.T",
        "INTC",
        "V",
        "NEE",
        "8306.T",
        "UNH",
        "PFE",
        "HD",
        "XOM",
        "PLTR",
        "TLT",
        "7267.T",
        "4478.T",
        "CVX",
        "6501.T",
        "EMB",
        "SLV",
        "HYG",
        "6954.T",
        "4385.T",
        "9984.T",
        "VNQ",
        "8411.T",
        "7203.T"
      ],