{
  "generated_at": "2026-06-09T17:27:16.936024",
  "budget": 100000.0,
  "target_return_range": [
    2.0,
    15.0
  ],
  "suggestions": [
    {
      "symbols": [
        "LLY",
        "3923.T",
        "9984.T",
        "6954.T",
        "SLV",
        "4519.T",
        "1343.T",
        "NVDA",
        "GOOGL",
        "9983.T",
        "AMD",
        "CRM",
        "ABBV",
        "JNJ",
        "PFE",
        "MA",
        "AMZN",
        "LQD",
        "VNQ",
        "META",
        "AAPL",
        "RBLX",
        "GS",
        "TSLA",
        "4689.T",
        "4502.T",
        "8316.T",
        "SHY",
        "8031.T",
        "PEP",
        "PG",
        "8001.T",
        "JPM",
        "2914.T",
        "BA",
        "MSFT",
        "TLT",
        "9432.T",
        "CAT",
        "GDX",
        "4661.T",
        "SNAP",
        "GLD",
        "7269.T",
        "NKE",
        "8058.T",
        "GSG",
        "IEF",
        "2561.T",
        "6758.T",
        "V",
        "4478.T",
        "BAC",
        "6861.T",
        "KO",
        "ORCL",
        "8306.T",
        "UNH",
        "XOM",
        "6902.T",
        "CVX",
        "NEE",
        "TIP",
        "6501.T",
        "AVGO",
        "4385.T",
        "HD",
        "IAU",
        "EMB",
        "COIN",
        "8411.T",
        "7203.T",
        "PLTR",
        "HYG",
        "7267.T",
        "INTC"
      ],
      "weights": [
        0.013157894736842105,
        0.013157894736842105,
        0.013157894736842105,
        0.013157894736842105,
        0.013157894736842105,
        0.013157894736842105,
        0.013157894736842105,
        0.013157894736842105,
        0.013157894736842105,
        0.013157894736842105,
        0.013157894736842105,
        0.013157894736842105,
        0.013157894736842105,
        0.013157894736842105,
        0.013157894736842105,
        0.013157894736842105,
        0.013157894736842105,
        0.013157894736842105,
        0.013157894736842105,
        0.013157894736842105,
        0.013157894736842105,
        0.013157894736842105,
        0.013157894736842105,
        0.013157894736842105,
        0.013157894736842105,
        0.013157894736842105,
        0.013157894736842105,
        0.013157894736842105,
        0.013157894736842105,
        0.013157894736842105,
        0.013157894736842105,
        0.013157894736842105,
        0.013157894736842105,
        0.013157894736842105,
        0.013157894736842105,
        0.013157894736842105,
        0.013157894736842105,
        0.013157894736842105,
        0.013157894736842105,
        0.013157894736842105,
        0.013157894736842105,
        0.013157894736842105,
        0.013157894736842105,
        0.013157894736842105,
        0.013157894736842105,
        0.013157894736842105,
        0.013157894736842105,
        0.013157894736842105,
        0.013157894736842105,
        0.013157894736842105,
        0.013157894736842105,
        0.013157894736842105,
        0.013157894736842105,
        0.013157894736842105,
        0.013157894736842105,
        0.013157894736842105,
        0.013157894736842105,
        0.013157894736842105,
        0.013157894736842105,
        0.013157894736842105,
        0.013157894736842105,
        0.013157894736842105,
        0.013157894736842105,
        0.013157894736842105,
        0.013157894736842105,
        0.013157894736842105,
        0.013157894736842105,
        0.013157894736842105,
        0.013157894736842105,
        0.013157894736842105,
        0.013157894736842105,
        0.013157894736842105,
        0.013157894736842105,
        0.013157894736842105,
        0.013157894736842105,
        0.013157894736842105
      ],
      "shares": [
        1,
        1,
        0,
        0,
        21,
        0,
        0,
        6,
        3,
        0,
        2,
        7,
        5,
        5,
        51,
        2,
        5,
        12,
        13,
        2,
        4,
        31,
        1,
        3,
        3,
        0,
        0,
        16,
        0,
        9,
        9,
        0,
        4,
        0,
        6,
        3,
        15,
        8,
        1,
        16,
        0,
        232,
        3,
        0,
        30,
        0,
        41,
        14,
        0,
        0,
        4,
        0,
        24,
        0,
        16,
        6,
        0,
        3,
        8,
        0,
        6,
        15,
        12,
        0,
        3,
        0,
        4,
        16,
        13,
        8,
        0,
        0,
        9,
        16,
        0,
        11
      ],
      "expected_return": 1.016846126297352,
      "expected_risk": 0.7990193896181789,
      "sharpe_ratio": 17.900980198236756,
      "total_value": 63436.34028053284,
      "strategy": "max_sharpe",
      "portfolio_id": null
    },
    {
      "symbols": [
        "LLY",
        "3923.T",
        "9984.T",
        "6954.T",
        "SLV",
        "4519.T",
        "1343.T",
        "NVDA",
        "GOOGL",
        "9983.T",
        "AMD",
        "CRM",
        "ABBV",
        "JNJ",
        "PFE",
        "MA",
        "AMZN",
        "LQD",
        "VNQ",
        "META",
        "AAPL",
        "RBLX",
        "GS",
        "TSLA",
        "4689.T",
        "4502.T",
        "8316.T",
        "SHY",
        "8031.T",
        "PEP",
        "PG",
        "8001.T",
        "JPM",
        "2914.T",
        "BA",
        "MSFT",
        "TLT",
        "9432.T",
        "CAT",
        "GDX",
        "4661.T",
        "SNAP",
        "GLD",
        "7269.T",
        "NKE",
        "8058.T",
        "GSG",
        "IEF",
        "2561.T",
        "6758.T",
        "V",
        "4478.T",
        "BAC",
        "6861.T",
        "KO",
        "ORCL",
        "8306.T",
        "UNH",
        "XOM",
        "6902.T",
        "CVX",
        "NEE",
        "TIP",
        "6501.T",
        "AVGO",
        "4385.T",
        "HD",
        "IAU",
        "EMB",
        "COIN",
        "8411.T",
        "7203.T",
        "PLTR",
        "HYG",
        "7267.T",
        "INTC"
      ],