{
  "generated_at": "2026-05-07T16:53:32.199014",
  "budget": 100000.0,
  "target_return_range": [
    2.0,
    15.0
  ],
  "suggestions": [
    {
      "symbols": [
        "MA",
        "NVDA",
        "META",
        "NKE",
        "AAPL",
        "JPM",
        "UNH",
        "BAC",
        "MSFT",
        "GS",
        "PLTR",
        "PEP",
        "NEE",
        "XOM",
        "AMD",
        "COIN",
        "INTC",
        "RBLX",
        "ORCL",
        "CVX",
        "CAT",
        "BA",
        "SNAP",
        "CRM",
        "KO",
        "SHY",
        "JNJ",
        "TLT",
        "LQD",
        "PFE",
        "ABBV",
        "EMB",
        "LLY",
        "V",
        "IAU",
        "GSG",
        "TSLA",
        "HD",
        "GOOGL",
        "AVGO",
        "PG",
        "HYG",
        "AMZN",
        "SLV",
        "IEF",
        "TIP",
        "GLD",
        "GDX",
        "VNQ"
      ],
      "weights": [
        0.020408163265306124,
        0.020408163265306124,
        0.020408163265306124,
        0.020408163265306124,
        0.020408163265306124,
        0.020408163265306124,
        0.020408163265306124,
        0.020408163265306124,
        0.020408163265306124,
        0.020408163265306124,
        0.020408163265306124,
        0.020408163265306124,
        0.020408163265306124,
        0.020408163265306124,
        0.020408163265306124,
        0.020408163265306124,
        0.020408163265306124,
        0.020408163265306124,
        0.020408163265306124,
        0.020408163265306124,
        0.020408163265306124,
        0.020408163265306124,
        0.020408163265306124,
        0.020408163265306124,
        0.020408163265306124,
        0.020408163265306124,
        0.020408163265306124,
        0.020408163265306124,
        0.020408163265306124,
        0.020408163265306124,
        0.020408163265306124,
        0.020408163265306124,
        0.020408163265306124,
        0.020408163265306124,
        0.020408163265306124,
        0.020408163265306124,
        0.020408163265306124,
        0.020408163265306124,
        0.020408163265306124,
        0.020408163265306124,
        0.020408163265306124,
        0.020408163265306124,
        0.020408163265306124,
        0.020408163265306124,
        0.020408163265306124,
        0.020408163265306124,
        0.020408163265306124,
        0.020408163265306124,
        0.020408163265306124
      ],
      "shares": [
        4,
        9,
        3,
        46,
        7,
        6,
        5,
        38,
        4,
        2,
        15,
        13,
        21,
        13,
        4,
        10,
        18,
        46,
        10,
        11,
        2,
        8,
        334,
        11,
        25,
        24,
        9,
        23,
        18,
        76,
        9,
        21,
        2,
        6,
        23,
        62,
        5,
        6,
        5,
        4,
        13,
        25,
        7,
        29,
        21,
        18,
        4,
        22,
        21
      ],
      "expected_return": 0.45234771332000084,
      "expected_risk": 0.7169402818806773,
      "sharpe_ratio": 1.992038382742876,
      "total_value": 95449.15016269684,
      "strategy": "max_sharpe",
      "portfolio_id": null
    },
    {
      "symbols": [
        "MA",
        "NVDA",
        "META",
        "NKE",
        "AAPL",
        "JPM",
        "UNH",
        "BAC",
        "MSFT",
        "GS",
        "PLTR",
        "PEP",
        "NEE",
        "XOM",
        "AMD",
        "COIN",
        "INTC",
        "RBLX",
        "ORCL",
        "CVX",
        "CAT",
        "BA",
        "SNAP",
        "CRM",
        "KO",
        "SHY",
        "JNJ",
        "TLT",
        "LQD",
        "PFE",
        "ABBV",
        "EMB",
        "LLY",
        "V",
        "IAU",
        "GSG",
        "TSLA",
        "HD",
        "GOOGL",
        "AVGO",
        "PG",
        "HYG",
        "AMZN",
        "SLV",
        "IEF",
        "TIP",
        "GLD",
        "GDX",
        "VNQ"
      ],
      "weights": [
        0.0,
        0.0,
        0.0,
        0.08706263455782985,
        0.0,
        0.0,
        0.008082818532468226,
        0.08707073914092572,
        0.0,
        0.0,
        0.021782764547264008,
        0.0,
        0.0,
        2.083031311950963e-16,
        1.4030124534997631e-15,
        0.0,
        7.147737885236501e-16,
        9.149945399032932e-16,
        0.0,
        1.876469531972346e-16,
        0.0,
        0.12035012815680975,
        0.03622885099207741,
        0.0,
        8.059475299048102e-16,
        0.39999999999999986,
        1.0130393936737381e-17,
        0.050612443321380214,
        0.0,
        0.0,
        9.388497579462506e-17,
        2.5604287297252984e-16,
        0.0,
        0.0,
        0.0,
        5.936585460511091e-16,
        0.08693981625445667,
        0.0,
        0.0,
        0.016607534253481476,
        0.0,
        0.0,
        0.035529603930827366,
        0.04351835361846383,
        0.0,
        0.0,
        0.006214312694008731,
        1.6477823267192828e-15,
        0.0
      ],
      "shares": [
        0,
        0,
        0,
        198,
        0,
        0,
        2,
        162,
        0,
        0,
        16,
        0,
        0,
        0,
        0,
        0,
        0,
        0,
        0,
        0,
        0,
        52,
        592,
        0,
        0,
        486,
        0,
        58,
        0,
        0,
        0,
        0,
        0,
        0,
        0,
        0,
        21,
        0,
        0,
        3,
        0,
        0,
        12,
        62,
        0,
        0,
        1,
        0,
        0
      ],
      "expected_return": 1.9999999999999798,
      "expected_risk": 0.2256514389669975,
      "sharpe_ratio": 88.63227322056483,
      "total_value": 98539.11108398438,
      "strategy": "min_variance",
      "portfolio_id": null
    },
    {
      "symbols": [
        "MA",
        "NVDA",
        "META",
        "NKE",
        "AAPL",
        "JPM",
        "UNH",
        "BAC",
        "MSFT",
        "GS",
        "PLTR",
        "PEP",
        "NEE",
        "XOM",
        "AMD",
        "COIN",
        "INTC",
        "RBLX",
        "ORCL",
        "CVX",
        "CAT",
        "BA",
        "SNAP",
        "CRM",
        "KO",
        "SHY",
        "JNJ",
        "TLT",
        "LQD",
        "PFE",
        "ABBV",
        "EMB",
        "LLY",
        "V",
        "IAU",
        "GSG",
        "TSLA",
        "HD",
        "GOOGL",
        "AVGO",
        "PG",
        "HYG",
        "AMZN",
        "SLV",
        "IEF",
        "TIP",
        "GLD",
        "GDX",
        "VNQ"
      ],