{
  "generated_at": "2026-06-26T17:03:07.338808",
  "budget": 100000.0,
  "target_return_range": [
    2.0,
    15.0
  ],
  "suggestions": [
    {
      "symbols": [
        "PEP",
        "7269.T",
        "GOOGL",
        "TIP",
        "4502.T",
        "AMZN",
        "6954.T",
        "MA",
        "AVGO",
        "9432.T",
        "SLV",
        "MSFT",
        "8001.T",
        "RBLX",
        "8031.T",
        "BA",
        "3923.T",
        "INTC",
        "JPM",
        "GDX",
        "V",
        "7203.T",
        "8306.T",
        "IAU",
        "META",
        "UNH",
        "9983.T",
        "CRM",
        "GS",
        "JNJ",
        "PFE",
        "VNQ",
        "2914.T",
        "KO",
        "4385.T",
        "AMD",
        "6902.T",
        "4689.T",
        "7267.T",
        "SHY",
        "PG",
        "LLY",
        "IEF",
        "2561.T",
        "6861.T",
        "9984.T",
        "8411.T",
        "LQD",
        "NVDA",
        "GSG",
        "HD",
        "4519.T",
        "TSLA",
        "XOM",
        "8058.T",
        "ORCL",
        "CVX",
        "GLD",
        "EMB",
        "6758.T",
        "8316.T",
        "PLTR",
        "TLT",
        "SNAP",
        "AAPL",
        "1343.T",
        "6501.T",
        "HYG",
        "4661.T",
        "COIN",
        "CAT",
        "4478.T",
        "ABBV",
        "NKE",
        "NEE",
        "BAC"
      ],
      "weights": [
        0.013157894736842105,
        0.013157894736842105,
        0.013157894736842105,
        0.013157894736842105,
        0.013157894736842105,
        0.013157894736842105,
        0.013157894736842105,
        0.013157894736842105,
        0.013157894736842105,
        0.013157894736842105,
        0.013157894736842105,
        0.013157894736842105,
        0.013157894736842105,
        0.013157894736842105,
        0.013157894736842105,
        0.013157894736842105,
        0.013157894736842105,
        0.013157894736842105,
        0.013157894736842105,
        0.013157894736842105,
        0.013157894736842105,
        0.013157894736842105,
        0.013157894736842105,
        0.013157894736842105,
        0.013157894736842105,
        0.013157894736842105,
        0.013157894736842105,
        0.013157894736842105,
        0.013157894736842105,
        0.013157894736842105,
        0.013157894736842105,
        0.013157894736842105,
        0.013157894736842105,
        0.013157894736842105,
        0.013157894736842105,
        0.013157894736842105,
        0.013157894736842105,
        0.013157894736842105,
        0.013157894736842105,
        0.013157894736842105,
        0.013157894736842105,
        0.013157894736842105,
        0.013157894736842105,
        0.013157894736842105,
        0.013157894736842105,
        0.013157894736842105,
        0.013157894736842105,
        0.013157894736842105,
        0.013157894736842105,
        0.013157894736842105,
        0.013157894736842105,
        0.013157894736842105,
        0.013157894736842105,
        0.013157894736842105,
        0.013157894736842105,
        0.013157894736842105,
        0.013157894736842105,
        0.013157894736842105,
        0.013157894736842105,
        0.013157894736842105,
        0.013157894736842105,
        0.013157894736842105,
        0.013157894736842105,
        0.013157894736842105,
        0.013157894736842105,
        0.013157894736842105,
        0.013157894736842105,
        0.013157894736842105,
        0.013157894736842105,
        0.013157894736842105,
        0.013157894736842105,
        0.013157894736842105,
        0.013157894736842105,
        0.013157894736842105,
        0.013157894736842105,
        0.013157894736842105
      ],
      "shares": [
        9,
        0,
        3,
        12,
        0,
        5,
        0,
        2,
        3,
        9,
        25,
        3,
        0,
        28,
        0,
        6,
        1,
        9,
        3,
        17,
        3,
        0,
        0,
        17,
        2,
        3,
        0,
        8,
        1,
        5,
        55,
        13,
        0,
        16,
        0,
        2,
        0,
        3,
        0,
        16,
        8,
        1,
        13,
        0,
        0,
        0,
        0,
        12,
        6,
        45,
        3,
        0,
        3,
        9,
        0,
        8,
        7,
        3,
        13,
        0,
        0,
        12,
        15,
        303,
        4,
        0,
        0,
        16,
        0,
        9,
        1,
        0,
        5,
        32,
        15,
        22
      ],
      "expected_return": 0.9428596408696484,
      "expected_risk": 0.8332484150618918,
      "sharpe_ratio": 17.13411179685334,
      "total_value": 62333.91976547241,
      "strategy": "max_sharpe",
      "portfolio_id": null
    },
    {
      "symbols": [
        "PEP",
        "7269.T",
        "GOOGL",
        "TIP",
        "4502.T",
        "AMZN",
        "6954.T",
        "MA",
        "AVGO",
        "9432.T",
        "SLV",
        "MSFT",
        "8001.T",
        "RBLX",
        "8031.T",
        "BA",
        "3923.T",
        "INTC",
        "JPM",
        "GDX",
        "V",
        "7203.T",
        "8306.T",
        "IAU",
        "META",
        "UNH",
        "9983.T",
        "CRM",
        "GS",
        "JNJ",
        "PFE",
        "VNQ",
        "2914.T",
        "KO",
        "4385.T",
        "AMD",
        "6902.T",
        "4689.T",
        "7267.T",
        "SHY",
        "PG",
        "LLY",
        "IEF",
        "2561.T",
        "6861.T",
        "9984.T",
        "8411.T",
        "LQD",
        "NVDA",
        "GSG",
        "HD",
        "4519.T",
        "TSLA",
        "XOM",
        "8058.T",
        "ORCL",
        "CVX",
        "GLD",
        "EMB",
        "6758.T",
        "8316.T",
        "PLTR",
        "TLT",
        "SNAP",
        "AAPL",
        "1343.T",
        "6501.T",
        "HYG",
        "4661.T",
        "COIN",
        "CAT",
        "4478.T",
        "ABBV",
        "NKE",
        "NEE",
        "BAC"
      ],