{
  "generated_at": "2026-03-27T15:53:57.171314",
  "budget": 100000.0,
  "target_return_range": [
    2.0,
    15.0
  ],
  "suggestions": [
    {
      "symbols": [
        "MSFT",
        "AMZN",
        "NVDA",
        "GOOGL",
        "AAPL"
      ],
      "weights": [
        0.15825824612792935,
        0.4000000000000543,
        0.04174175387194452,
        0.0,
        0.40000000000007185
      ],
      "shares": [
        43,
        192,
        24,
        0,
        158
      ],
      "expected_return": 4.912164166215461,
      "expected_risk": 1.1215605734011993,
      "sharpe_ratio": 14.828525441285183,
      "total_value": 99650.76879882812,
      "strategy": "max_sharpe",
      "portfolio_id": null
    },
    {
      "symbols": [
        "MSFT",
        "AMZN",
        "NVDA",
        "GOOGL",
        "AAPL"
      ],
      "weights": [
        0.19423801922887549,
        0.2698391761018581,
        0.08992941085946606,
        0.04599339380980037,
        0.4
      ],
      "shares": [
        53,
        130,
        52,
        16,
        158
      ],
      "expected_return": 4.343763645652958,
      "expected_risk": 1.0946671222894642,
      "sharpe_ratio": 13.011998826319655,
      "total_value": 99732.42959594727,
      "strategy": "min_variance",
      "portfolio_id": null
    },
    {
      "symbols": [
        "MSFT",
        "AMZN",
        "NVDA",
        "GOOGL",
        "AAPL"
      ],
      "weights": [
        0.2,
        0.2,
        0.2,
        0.2,
        0.2
      ],
      "shares": [
        54,
        96,
        116,
        71,
        79
      ],
      "expected_return": 2.3373244177507044,
      "expected_risk": 1.3005998645727208,
      "sharpe_ratio": 4.472369029514448,
      "total_value": 99473.69096374512,
      "strategy": "target_return",
      "portfolio_id": null
    },
    {
      "symbols": [
        "MSFT",
        "AMZN",
        "NVDA",
        "GOOGL",
        "AAPL"
      ],
      "weights": [
        0.2,
        0.2,
        0.2,
        0.2,
        0.2
      ],
      "shares": [
        54,
        96,
        116,
        71,
        79
      ],
      "expected_return": 2.3373244177507044,
      "expected_risk": 1.3005998645727208,
      "sharpe_ratio": 4.472369029514448,
      "total_value": 99473.69096374512,
      "strategy": "equal_weight",
      "portfolio_id": null
    }
  ]
}