{
  "generated_at": "2026-03-23T16:01:58.467573",
  "budget": 100000.0,
  "target_return_range": [
    2.0,
    15.0
  ],
  "suggestions": [
    {
      "symbols": [
        "AAPL",
        "GOOGL",
        "MSFT",
        "AMZN",
        "NVDA"
      ],
      "weights": [
        0.3999999999999726,
        0.0,
        1.427173727292839e-14,
        0.3407997309237932,
        0.25920026907621985
      ],
      "shares": [
        161,
        0,
        0,
        165,
        150
      ],
      "expected_return": 5.70561082630508,
      "expected_risk": 1.5860012763281741,
      "sharpe_ratio": 12.587357757643922,
      "total_value": 99717.43962097168,
      "strategy": "max_sharpe",
      "portfolio_id": null
    },
    {
      "symbols": [
        "AAPL",
        "GOOGL",
        "MSFT",
        "AMZN",
        "NVDA"
      ],
      "weights": [
        0.19540626003935152,
        0.22576996757370993,
        0.35660986445848697,
        0.22221390792845153,
        1.8241995741886372e-19
      ],
      "shares": [
        78,
        75,
        93,
        108,
        0
      ],
      "expected_return": 2.1254200494770386,
      "expected_risk": 1.291448748292931,
      "sharpe_ratio": 3.814912681540316,
      "total_value": 99612.08944702148,
      "strategy": "min_variance",
      "portfolio_id": null
    },
    {
      "symbols": [
        "AAPL",
        "GOOGL",
        "MSFT",
        "AMZN",
        "NVDA"
      ],
      "weights": [
        0.3999999999999643,
        0.0,
        8.41651973521694e-14,
        0.20000000000000775,
        0.39999999999994396
      ],
      "shares": [
        161,
        0,
        0,
        97,
        231
      ],
      "expected_return": 5.8612604103234,
      "expected_risk": 1.6768416535728727,
      "sharpe_ratio": 12.29531344131341,
      "total_value": 99740.97970581055,
      "strategy": "target_return",
      "portfolio_id": null
    },
    {
      "symbols": [
        "AAPL",
        "GOOGL",
        "MSFT",
        "AMZN",
        "NVDA"
      ],
      "weights": [
        0.2,
        0.2,
        0.2,
        0.2,
        0.2
      ],
      "shares": [
        80,
        66,
        52,
        97,
        115
      ],
      "expected_return": 3.0943596205996773,
      "expected_risk": 1.367763743658036,
      "sharpe_ratio": 6.577386224466362,
      "total_value": 99343.82936096191,
      "strategy": "equal_weight",
      "portfolio_id": null
    }
  ]
}