{
  "generated_at": "2026-03-24T16:07:57.891655",
  "budget": 100000.0,
  "target_return_range": [
    2.0,
    15.0
  ],
  "suggestions": [
    {
      "symbols": [
        "NVDA",
        "AAPL",
        "GOOGL",
        "MSFT",
        "AMZN"
      ],
      "weights": [
        0.26090727148030607,
        0.40000000000000074,
        8.798796740235547e-16,
        0.0,
        0.33909272851969224
      ],
      "shares": [
        148,
        159,
        0,
        0,
        161
      ],
      "expected_return": 5.628030483839621,
      "expected_risk": 1.6055698369117883,
      "sharpe_ratio": 12.231002089996428,
      "total_value": 99814.17068481445,
      "strategy": "max_sharpe",
      "portfolio_id": null
    },
    {
      "symbols": [
        "NVDA",
        "AAPL",
        "GOOGL",
        "MSFT",
        "AMZN"
      ],
      "weights": [
        5.540255124141977e-17,
        0.21594599408481707,
        0.2601366493985621,
        0.32291096882997145,
        0.20100638768664938
      ],
      "shares": [
        0,
        85,
        86,
        84,
        95
      ],
      "expected_return": 2.1691294957368634,
      "expected_risk": 1.3100254118157113,
      "sharpe_ratio": 3.9009501919674454,
      "total_value": 99489.11019897461,
      "strategy": "min_variance",
      "portfolio_id": null
    },
    {
      "symbols": [
        "NVDA",
        "AAPL",
        "GOOGL",
        "MSFT",
        "AMZN"
      ],
      "weights": [
        0.3999999999996786,
        0.3999999999996655,
        0.0,
        0.0,
        0.200000000000656
      ],
      "shares": [
        227,
        159,
        0,
        0,
        95
      ],
      "expected_return": 5.717510554046815,
      "expected_risk": 1.6607322651921823,
      "sharpe_ratio": 12.05103600698426,
      "total_value": 99820.49067687988,
      "strategy": "target_return",
      "portfolio_id": null
    },
    {
      "symbols": [
        "NVDA",
        "AAPL",
        "GOOGL",
        "MSFT",
        "AMZN"
      ],
      "weights": [
        0.2,
        0.2,
        0.2,
        0.2,
        0.2
      ],
      "shares": [
        113,
        79,
        66,
        52,
        95
      ],
      "expected_return": 3.1070133463703677,
      "expected_risk": 1.3936314565275172,
      "sharpe_ratio": 6.493435557672145,
      "total_value": 99530.29014587402,
      "strategy": "equal_weight",
      "portfolio_id": null
    }
  ]
}