{
  "generated_at": "2026-04-16T16:25:05.114235",
  "budget": 100000.0,
  "target_return_range": [
    2.0,
    15.0
  ],
  "suggestions": [
    {
      "symbols": [
        "GOOGL",
        "AAPL",
        "NVDA",
        "MSFT",
        "AMZN"
      ],
      "weights": [
        0.024646117341480575,
        0.4000000000000836,
        0.1753538826583522,
        0.0,
        0.4000000000000836
      ],
      "shares": [
        7,
        150,
        88,
        0,
        160
      ],
      "expected_return": 3.7830038143216074,
      "expected_risk": 1.3998956790394412,
      "sharpe_ratio": 8.492501403718203,
      "total_value": 99584.8984375,
      "strategy": "max_sharpe",
      "portfolio_id": null
    },
    {
      "symbols": [
        "GOOGL",
        "AAPL",
        "NVDA",
        "MSFT",
        "AMZN"
      ],
      "weights": [
        0.06993664908508923,
        0.3607652476793741,
        7.081907040788307e-17,
        0.16929810323553654,
        0.4
      ],
      "shares": [
        20,
        135,
        0,
        41,
        160
      ],
      "expected_return": 2.692798883784726,
      "expected_risk": 1.2771361606000795,
      "sharpe_ratio": 5.7235520665932045,
      "total_value": 99330.46896362305,
      "strategy": "min_variance",
      "portfolio_id": null
    },
    {
      "symbols": [
        "GOOGL",
        "AAPL",
        "NVDA",
        "MSFT",
        "AMZN"
      ],
      "weights": [
        0.2,
        0.2,
        0.2,
        0.2,
        0.2
      ],
      "shares": [
        59,
        75,
        100,
        48,
        80
      ],
      "expected_return": 1.7285378342263318,
      "expected_risk": 1.5181576553397365,
      "sharpe_ratio": 2.147246626244737,
      "total_value": 99377.88873291016,
      "strategy": "target_return",
      "portfolio_id": null
    },
    {
      "symbols": [
        "GOOGL",
        "AAPL",
        "NVDA",
        "MSFT",
        "AMZN"
      ],
      "weights": [
        0.2,
        0.2,
        0.2,
        0.2,
        0.2
      ],
      "shares": [
        59,
        75,
        100,
        48,
        80
      ],
      "expected_return": 1.7285378342263318,
      "expected_risk": 1.5181576553397365,
      "sharpe_ratio": 2.147246626244737,
      "total_value": 99377.88873291016,
      "strategy": "equal_weight",
      "portfolio_id": null
    }
  ]
}