{
  "generated_at": "2026-04-09T16:19:32.534157",
  "budget": 100000.0,
  "target_return_range": [
    2.0,
    15.0
  ],
  "suggestions": [
    {
      "symbols": [
        "AAPL",
        "AMZN",
        "GOOGL",
        "NVDA",
        "MSFT"
      ],
      "weights": [
        0.3999999999998099,
        0.3999999999998986,
        0.014151517980536375,
        0.18584848201955967,
        1.953630362072259e-13
      ],
      "shares": [
        154,
        180,
        4,
        102,
        0
      ],
      "expected_return": 5.9666918383426815,
      "expected_risk": 1.2192487013135742,
      "sharpe_ratio": 17.27301878330694,
      "total_value": 99537.03927612305,
      "strategy": "max_sharpe",
      "portfolio_id": null
    },
    {
      "symbols": [
        "AAPL",
        "AMZN",
        "GOOGL",
        "NVDA",
        "MSFT"
      ],
      "weights": [
        0.3999999999999999,
        0.39999999999999997,
        0.14094448608919838,
        2.934410120490963e-16,
        0.05905551391080143
      ],
      "shares": [
        154,
        180,
        44,
        0,
        15
      ],
      "expected_return": 5.1062983664506945,
      "expected_risk": 1.128060094176043,
      "sharpe_ratio": 15.46588982946831,
      "total_value": 99272.6291809082,
      "strategy": "min_variance",
      "portfolio_id": null
    },
    {
      "symbols": [
        "AAPL",
        "AMZN",
        "GOOGL",
        "NVDA",
        "MSFT"
      ],
      "weights": [
        0.3999999999992033,
        0.3999999999992165,
        0.0,
        0.20000000000150117,
        7.903289564142194e-14
      ],
      "shares": [
        154,
        180,
        0,
        109,
        0
      ],
      "expected_return": 6.032713488160552,
      "expected_risk": 1.236006766626501,
      "sharpe_ratio": 17.263171387633495,
      "total_value": 99542.31925964355,
      "strategy": "target_return",
      "portfolio_id": null
    },
    {
      "symbols": [
        "AAPL",
        "AMZN",
        "GOOGL",
        "NVDA",
        "MSFT"
      ],
      "weights": [
        0.2,
        0.2,
        0.2,
        0.2,
        0.2
      ],
      "shares": [
        77,
        90,
        63,
        109,
        53
      ],
      "expected_return": 3.565443547247369,
      "expected_risk": 1.3763105161992095,
      "sharpe_ratio": 7.974118317390679,
      "total_value": 99525.16947937012,
      "strategy": "equal_weight",
      "portfolio_id": null
    }
  ]
}