{
  "generated_at": "2026-04-02T16:02:39.081790",
  "budget": 100000.0,
  "target_return_range": [
    2.0,
    15.0
  ],
  "suggestions": [
    {
      "symbols": [
        "AMZN",
        "MSFT",
        "NVDA",
        "GOOGL",
        "AAPL"
      ],
      "weights": [
        0.3999999999999799,
        7.521760991835436e-15,
        0.19999999999999393,
        1.8623991238087e-14,
        0.3999999999999999
      ],
      "shares": [
        189,
        0,
        113,
        0,
        156
      ],
      "expected_return": 4.6867867006092405,
      "expected_risk": 1.2140143519459219,
      "sharpe_ratio": 12.919537661252889,
      "total_value": 99535.7621459961,
      "strategy": "max_sharpe",
      "portfolio_id": null
    },
    {
      "symbols": [
        "AMZN",
        "MSFT",
        "NVDA",
        "GOOGL",
        "AAPL"
      ],
      "weights": [
        0.40000000000000013,
        0.06690747159186629,
        0.0539149118894928,
        0.07917761651864079,
        0.4000000000000001
      ],
      "shares": [
        189,
        18,
        30,
        26,
        156
      ],
      "expected_return": 4.046142014654224,
      "expected_risk": 1.1646444067520372,
      "sharpe_ratio": 11.156878773555597,
      "total_value": 99329.31243896484,
      "strategy": "min_variance",
      "portfolio_id": null
    },
    {
      "symbols": [
        "AMZN",
        "MSFT",
        "NVDA",
        "GOOGL",
        "AAPL"
      ],
      "weights": [
        0.2,
        0.2,
        0.2,
        0.2,
        0.2
      ],
      "shares": [
        94,
        54,
        113,
        67,
        78
      ],
      "expected_return": 3.2101597740926096,
      "expected_risk": 1.4413793108277884,
      "sharpe_ratio": 6.578886611800433,
      "total_value": 99463.58178710938,
      "strategy": "target_return",
      "portfolio_id": null
    },
    {
      "symbols": [
        "AMZN",
        "MSFT",
        "NVDA",
        "GOOGL",
        "AAPL"
      ],
      "weights": [
        0.2,
        0.2,
        0.2,
        0.2,
        0.2
      ],
      "shares": [
        94,
        54,
        113,
        67,
        78
      ],
      "expected_return": 3.2101597740926096,
      "expected_risk": 1.4413793108277884,
      "sharpe_ratio": 6.578886611800433,
      "total_value": 99463.58178710938,
      "strategy": "equal_weight",
      "portfolio_id": null
    }
  ]
}