{
  "generated_at": "2026-03-17T16:07:46.466851",
  "budget": 100000.0,
  "target_return_range": [
    2.0,
    15.0
  ],
  "suggestions": [
    {
      "symbols": [
        "AAPL",
        "MSFT",
        "GOOGL",
        "NVDA",
        "AMZN"
      ],
      "weights": [
        0.40000000000000596,
        0.0,
        0.0,
        0.3348430689542086,
        0.2651569310457854
      ],
      "shares": [
        158,
        0,
        0,
        182,
        125
      ],
      "expected_return": 6.412498660670806,
      "expected_risk": 1.4527564241934818,
      "sharpe_ratio": 15.785505396040588,
      "total_value": 99759.10206604004,
      "strategy": "max_sharpe",
      "portfolio_id": null
    },
    {
      "symbols": [
        "AAPL",
        "MSFT",
        "GOOGL",
        "NVDA",
        "AMZN"
      ],
      "weights": [
        0.27311685022889826,
        0.28071895940619895,
        0.13864722368294732,
        0.08801673923505221,
        0.21950022744690348
      ],
      "shares": [
        108,
        70,
        45,
        48,
        103
      ],
      "expected_return": 3.339665166619754,
      "expected_risk": 1.2568566391965983,
      "sharpe_ratio": 7.977515801177106,
      "total_value": 99655.04216003418,
      "strategy": "min_variance",
      "portfolio_id": null
    },
    {
      "symbols": [
        "AAPL",
        "MSFT",
        "GOOGL",
        "NVDA",
        "AMZN"
      ],
      "weights": [
        0.39999999999995367,
        0.0,
        1.1053914490499863e-14,
        0.39999999999995367,
        0.20000000000008158
      ],
      "shares": [
        158,
        0,
        0,
        218,
        94
      ],
      "expected_return": 6.539855211302037,
      "expected_risk": 1.494272244484404,
      "sharpe_ratio": 15.704897131376116,
      "total_value": 99791.08193969727,
      "strategy": "target_return",
      "portfolio_id": null
    },
    {
      "symbols": [
        "AAPL",
        "MSFT",
        "GOOGL",
        "NVDA",
        "AMZN"
      ],
      "weights": [
        0.2,
        0.2,
        0.2,
        0.2,
        0.2
      ],
      "shares": [
        79,
        50,
        65,
        109,
        94
      ],
      "expected_return": 3.211875669201828,
      "expected_risk": 1.308556405314148,
      "sharpe_ratio": 7.252173289117182,
      "total_value": 99706.2216796875,
      "strategy": "equal_weight",
      "portfolio_id": null
    }
  ]
}