{
  "generated_at": "2026-03-13T15:44:01.317586",
  "budget": 100000.0,
  "target_return_range": [
    2.0,
    15.0
  ],
  "suggestions": [
    {
      "symbols": [
        "AMZN",
        "AAPL",
        "NVDA",
        "GOOGL",
        "MSFT"
      ],
      "weights": [
        0.40000000000000163,
        0.20671556989114176,
        0.39328443010885666,
        0.0,
        0.0
      ],
      "shares": [
        190,
        80,
        214,
        0,
        0
      ],
      "expected_return": 6.808167170702033,
      "expected_risk": 1.6485544387153463,
      "sharpe_ratio": 14.918707892122775,
      "total_value": 99463.45919799805,
      "strategy": "max_sharpe",
      "portfolio_id": null
    },
    {
      "symbols": [
        "AMZN",
        "AAPL",
        "NVDA",
        "GOOGL",
        "MSFT"
      ],
      "weights": [
        0.4,
        0.14497499739739134,
        4.155067183196767e-17,
        0.11542538940437708,
        0.3395996131982316
      ],
      "shares": [
        190,
        56,
        0,
        38,
        84
      ],
      "expected_return": 3.128572729759441,
      "expected_risk": 1.2990793094905242,
      "sharpe_ratio": 7.035756321814273,
      "total_value": 99424.39776611328,
      "strategy": "min_variance",
      "portfolio_id": null
    },
    {
      "symbols": [
        "AMZN",
        "AAPL",
        "NVDA",
        "GOOGL",
        "MSFT"
      ],
      "weights": [
        0.3999999999999445,
        0.20000000000011015,
        0.3999999999999391,
        0.0,
        6.147077782066349e-15
      ],
      "shares": [
        190,
        78,
        218,
        0,
        0
      ],
      "expected_return": 6.833271366533677,
      "expected_risk": 1.6557322770927128,
      "sharpe_ratio": 14.917713497329261,
      "total_value": 99684.49920654297,
      "strategy": "target_return",
      "portfolio_id": null
    },
    {
      "symbols": [
        "AMZN",
        "AAPL",
        "NVDA",
        "GOOGL",
        "MSFT"
      ],
      "weights": [
        0.2,
        0.2,
        0.2,
        0.2,
        0.2
      ],
      "shares": [
        95,
        78,
        109,
        65,
        49
      ],
      "expected_return": 3.7419212417537553,
      "expected_risk": 1.5309544559817732,
      "sharpe_ratio": 7.652787559305409,
      "total_value": 99238.77787780762,
      "strategy": "equal_weight",
      "portfolio_id": null
    }
  ]
}