{
  "generated_at": "2026-04-14T16:08:22.775528",
  "budget": 100000.0,
  "target_return_range": [
    2.0,
    15.0
  ],
  "suggestions": [
    {
      "symbols": [
        "AMZN",
        "GOOGL",
        "MSFT",
        "NVDA",
        "AAPL"
      ],
      "weights": [
        0.33880343109720323,
        1.1626991092895183e-14,
        3.2871650349563126e-14,
        0.26119656890282483,
        0.39999999999992747
      ],
      "shares": [
        141,
        0,
        0,
        137,
        154
      ],
      "expected_return": 4.374855054871328,
      "expected_risk": 1.295264929220689,
      "sharpe_ratio": 11.097645666974348,
      "total_value": 99676.76145935059,
      "strategy": "max_sharpe",
      "portfolio_id": null
    },
    {
      "symbols": [
        "AMZN",
        "GOOGL",
        "MSFT",
        "NVDA",
        "AAPL"
      ],
      "weights": [
        0.26144063521197547,
        0.07766235043087086,
        0.18987227072393525,
        0.07102474363321845,
        0.4
      ],
      "shares": [
        108,
        24,
        49,
        37,
        154
      ],
      "expected_return": 3.3723792426522174,
      "expected_risk": 1.1885364052555025,
      "sharpe_ratio": 8.55168825569055,
      "total_value": 99374.96142578125,
      "strategy": "min_variance",
      "portfolio_id": null
    },
    {
      "symbols": [
        "AMZN",
        "GOOGL",
        "MSFT",
        "NVDA",
        "AAPL"
      ],
      "weights": [
        0.20000000000001844,
        5.268547270526313e-14,
        0.0,
        0.39999999999996394,
        0.39999999999996483
      ],
      "shares": [
        83,
        0,
        0,
        211,
        154
      ],
      "expected_return": 4.536783697883725,
      "expected_risk": 1.403980166676974,
      "sharpe_ratio": 10.722723787239289,
      "total_value": 99772.08131408691,
      "strategy": "target_return",
      "portfolio_id": null
    },
    {
      "symbols": [
        "AMZN",
        "GOOGL",
        "MSFT",
        "NVDA",
        "AAPL"
      ],
      "weights": [
        0.2,
        0.2,
        0.2,
        0.2,
        0.2
      ],
      "shares": [
        83,
        62,
        52,
        105,
        77
      ],
      "expected_return": 2.4967808978531147,
      "expected_risk": 1.3338884642888897,
      "sharpe_ratio": 4.862835195111168,
      "total_value": 99655.28022766113,
      "strategy": "equal_weight",
      "portfolio_id": null
    }
  ]
}