{
  "generated_at": "2026-04-10T15:54:36.797407",
  "budget": 100000.0,
  "target_return_range": [
    2.0,
    15.0
  ],
  "suggestions": [
    {
      "symbols": [
        "AMZN",
        "MSFT",
        "AAPL",
        "NVDA",
        "GOOGL"
      ],
      "weights": [
        0.27103083197067,
        1.6724922969950664e-15,
        0.3999999999999674,
        0.32896916802933335,
        2.7503726114934782e-14
      ],
      "shares": [
        115,
        0,
        153,
        178,
        0
      ],
      "expected_return": 5.552577218263348,
      "expected_risk": 1.6590318957706829,
      "sharpe_ratio": 11.645842593379573,
      "total_value": 99460.69845581055,
      "strategy": "max_sharpe",
      "portfolio_id": null
    },
    {
      "symbols": [
        "AMZN",
        "MSFT",
        "AAPL",
        "NVDA",
        "GOOGL"
      ],
      "weights": [
        0.32243518875386556,
        0.28419969710959525,
        0.32175542819793956,
        0.0,
        0.07160968593859969
      ],
      "shares": [
        137,
        76,
        123,
        0,
        22
      ],
      "expected_return": 3.657055254659598,
      "expected_risk": 1.506660474157912,
      "sharpe_ratio": 7.539609795077,
      "total_value": 99410.41830444336,
      "strategy": "min_variance",
      "portfolio_id": null
    },
    {
      "symbols": [
        "AMZN",
        "MSFT",
        "AAPL",
        "NVDA",
        "GOOGL"
      ],
      "weights": [
        0.20000000000004126,
        4.716082794014792e-14,
        0.39999999999992686,
        0.39999999999998476,
        0.0
      ],
      "shares": [
        85,
        0,
        153,
        217,
        0
      ],
      "expected_return": 5.680699959487542,
      "expected_risk": 1.7127423036748652,
      "sharpe_ratio": 11.594820648779907,
      "total_value": 99623.68878173828,
      "strategy": "target_return",
      "portfolio_id": null
    },
    {
      "symbols": [
        "AMZN",
        "MSFT",
        "AAPL",
        "NVDA",
        "GOOGL"
      ],
      "weights": [
        0.2,
        0.2,
        0.2,
        0.2,
        0.2
      ],
      "shares": [
        85,
        53,
        76,
        108,
        62
      ],
      "expected_return": 3.1985908996135883,
      "expected_risk": 1.6241244077032129,
      "sharpe_ratio": 5.8087186751522255,
      "total_value": 99038.85891723633,
      "strategy": "equal_weight",
      "portfolio_id": null
    }
  ]
}