{
  "generated_at": "2026-04-08T16:15:58.003179",
  "budget": 100000.0,
  "target_return_range": [
    2.0,
    15.0
  ],
  "suggestions": [
    {
      "symbols": [
        "AAPL",
        "AMZN",
        "MSFT",
        "GOOGL",
        "NVDA"
      ],
      "weights": [
        0.39999999999997177,
        0.3999999999999585,
        3.882845348108451e-14,
        0.08797576785416954,
        0.11202423214586124
      ],
      "shares": [
        157,
        187,
        0,
        28,
        62
      ],
      "expected_return": 4.855147053521057,
      "expected_risk": 1.0921508885664006,
      "sharpe_ratio": 15.008565020538372,
      "total_value": 99369.57093811035,
      "strategy": "max_sharpe",
      "portfolio_id": null
    },
    {
      "symbols": [
        "AAPL",
        "AMZN",
        "MSFT",
        "GOOGL",
        "NVDA"
      ],
      "weights": [
        0.31401951877073037,
        0.39999999999999997,
        0.006793052809423137,
        0.20717021273129904,
        0.07201721568854741
      ],
      "shares": [
        123,
        187,
        1,
        67,
        40
      ],
      "expected_return": 4.08443656175976,
      "expected_risk": 1.038522058606653,
      "sharpe_ratio": 12.666686710317364,
      "total_value": 99117.60047912598,
      "strategy": "min_variance",
      "portfolio_id": null
    },
    {
      "symbols": [
        "AAPL",
        "AMZN",
        "MSFT",
        "GOOGL",
        "NVDA"
      ],
      "weights": [
        0.39999999999998453,
        0.4000000000000243,
        0.0,
        4.072805798018144e-14,
        0.1999999999999504
      ],
      "shares": [
        157,
        187,
        0,
        0,
        112
      ],
      "expected_return": 5.123069490388862,
      "expected_risk": 1.1982151899865205,
      "sharpe_ratio": 14.619153558192135,
      "total_value": 99721.69148254395,
      "strategy": "target_return",
      "portfolio_id": null
    },
    {
      "symbols": [
        "AAPL",
        "AMZN",
        "MSFT",
        "GOOGL",
        "NVDA"
      ],
      "weights": [
        0.2,
        0.2,
        0.2,
        0.2,
        0.2
      ],
      "shares": [
        78,
        93,
        53,
        65,
        112
      ],
      "expected_return": 2.844709540932716,
      "expected_risk": 1.2346997138348041,
      "sharpe_ratio": 6.437014589230782,
      "total_value": 99187.08097839355,
      "strategy": "equal_weight",
      "portfolio_id": null
    }
  ]
}