{
  "generated_at": "2026-03-16T16:06:49.986609",
  "budget": 100000.0,
  "target_return_range": [
    2.0,
    15.0
  ],
  "suggestions": [
    {
      "symbols": [
        "AMZN",
        "MSFT",
        "AAPL",
        "NVDA",
        "GOOGL"
      ],
      "weights": [
        0.21782186293618236,
        0.0,
        0.38217813706379816,
        0.3999999999999946,
        2.4766944800761988e-14
      ],
      "shares": [
        104,
        0,
        152,
        221,
        0
      ],
      "expected_return": 7.6291740564359545,
      "expected_risk": 1.7595402242665408,
      "sharpe_ratio": 15.937419701289704,
      "total_value": 99451.16906738281,
      "strategy": "max_sharpe",
      "portfolio_id": null
    },
    {
      "symbols": [
        "AMZN",
        "MSFT",
        "AAPL",
        "NVDA",
        "GOOGL"
      ],
      "weights": [
        0.2278151652758437,
        0.3999999999999999,
        0.22835194900538514,
        0.03580387462472365,
        0.10802901109404744
      ],
      "shares": [
        109,
        101,
        91,
        19,
        35
      ],
      "expected_return": 3.409804894403402,
      "expected_risk": 1.3992219927280816,
      "sharpe_ratio": 7.376371018606783,
      "total_value": 99352.04808044434,
      "strategy": "min_variance",
      "portfolio_id": null
    },
    {
      "symbols": [
        "AMZN",
        "MSFT",
        "AAPL",
        "NVDA",
        "GOOGL"
      ],
      "weights": [
        0.20000000000001558,
        0.0,
        0.39999999999999036,
        0.39999999999999036,
        3.7981542403869856e-15
      ],
      "shares": [
        96,
        0,
        159,
        221,
        0
      ],
      "expected_return": 7.6445843912507545,
      "expected_risk": 1.7641658452468783,
      "sharpe_ratio": 15.932319808473899,
      "total_value": 99540.64904785156,
      "strategy": "target_return",
      "portfolio_id": null
    },
    {
      "symbols": [
        "AMZN",
        "MSFT",
        "AAPL",
        "NVDA",
        "GOOGL"
      ],
      "weights": [
        0.2,
        0.2,
        0.2,
        0.2,
        0.2
      ],
      "shares": [
        96,
        50,
        79,
        110,
        66
      ],
      "expected_return": 4.077657793377585,
      "expected_risk": 1.532226771228208,
      "sharpe_ratio": 8.566723266953145,
      "total_value": 99251.2787475586,
      "strategy": "equal_weight",
      "portfolio_id": null
    }
  ]
}