{
  "generated_at": "2026-03-25T16:11:32.392474",
  "budget": 100000.0,
  "target_return_range": [
    2.0,
    15.0
  ],
  "suggestions": [
    {
      "symbols": [
        "GOOGL",
        "AAPL",
        "AMZN",
        "MSFT",
        "NVDA"
      ],
      "weights": [
        0.0,
        0.3999999999999599,
        0.3999999999999422,
        0.09010277036059736,
        0.10989722963950053
      ],
      "shares": [
        0,
        158,
        193,
        24,
        62
      ],
      "expected_return": 4.489371650146005,
      "expected_risk": 1.1602134629164973,
      "sharpe_ratio": 12.803989441727404,
      "total_value": 99564.60054016113,
      "strategy": "max_sharpe",
      "portfolio_id": null
    },
    {
      "symbols": [
        "GOOGL",
        "AAPL",
        "AMZN",
        "MSFT",
        "NVDA"
      ],
      "weights": [
        0.0805977368900734,
        0.28517296970332584,
        0.39628786223006784,
        0.21427185347013716,
        0.02366957770639585
      ],
      "shares": [
        27,
        113,
        191,
        57,
        13
      ],
      "expected_return": 3.4373101011861955,
      "expected_risk": 1.0931084473235395,
      "sharpe_ratio": 9.54772826939666,
      "total_value": 99383.8204498291,
      "strategy": "min_variance",
      "portfolio_id": null
    },
    {
      "symbols": [
        "GOOGL",
        "AAPL",
        "AMZN",
        "MSFT",
        "NVDA"
      ],
      "weights": [
        3.762056257057491e-15,
        0.3999999999999624,
        0.3999999999999624,
        0.0,
        0.20000000000007143
      ],
      "shares": [
        0,
        158,
        193,
        0,
        114
      ],
      "expected_return": 4.629413169087589,
      "expected_risk": 1.2251741194014438,
      "sharpe_ratio": 12.605175920996652,
      "total_value": 99729.24061584473,
      "strategy": "target_return",
      "portfolio_id": null
    },
    {
      "symbols": [
        "GOOGL",
        "AAPL",
        "AMZN",
        "MSFT",
        "NVDA"
      ],
      "weights": [
        0.2,
        0.2,
        0.2,
        0.2,
        0.2
      ],
      "shares": [
        68,
        79,
        96,
        53,
        114
      ],
      "expected_return": 2.2957204859369167,
      "expected_risk": 1.2034952439778637,
      "sharpe_ratio": 4.688033516292004,
      "total_value": 99252.53977966309,
      "strategy": "equal_weight",
      "portfolio_id": null
    }
  ]
}