{
  "generated_at": "2026-04-13T16:13:29.388518",
  "budget": 100000.0,
  "target_return_range": [
    2.0,
    15.0
  ],
  "suggestions": [
    {
      "symbols": [
        "NVDA",
        "GOOGL",
        "MSFT",
        "AMZN",
        "AAPL"
      ],
      "weights": [
        0.4000000000000044,
        0.0,
        0.0,
        0.1999999999999912,
        0.4000000000000044
      ],
      "shares": [
        212,
        0,
        0,
        83,
        153
      ],
      "expected_return": 5.5204376433571,
      "expected_risk": 1.565435548440792,
      "sharpe_ratio": 12.255910580275083,
      "total_value": 99628.54312133789,
      "strategy": "max_sharpe",
      "portfolio_id": null
    },
    {
      "symbols": [
        "NVDA",
        "GOOGL",
        "MSFT",
        "AMZN",
        "AAPL"
      ],
      "weights": [
        0.21061329555423883,
        0.01479025743176392,
        0.23203333534091858,
        0.21931462784138145,
        0.3232484838316972
      ],
      "shares": [
        111,
        4,
        62,
        92,
        124
      ],
      "expected_return": 4.273950360133929,
      "expected_risk": 1.464928941489244,
      "sharpe_ratio": 9.523049969528252,
      "total_value": 99431.31201171875,
      "strategy": "min_variance",
      "portfolio_id": null
    },
    {
      "symbols": [
        "NVDA",
        "GOOGL",
        "MSFT",
        "AMZN",
        "AAPL"
      ],
      "weights": [
        0.3999999999999827,
        5.733890565931835e-14,
        0.0,
        0.19999999999997525,
        0.39999999999998465
      ],
      "shares": [
        212,
        0,
        0,
        83,
        153
      ],
      "expected_return": 5.520437643356823,
      "expected_risk": 1.5654355484407902,
      "sharpe_ratio": 12.255910580274353,
      "total_value": 99628.54312133789,
      "strategy": "target_return",
      "portfolio_id": null
    },
    {
      "symbols": [
        "NVDA",
        "GOOGL",
        "MSFT",
        "AMZN",
        "AAPL"
      ],
      "weights": [
        0.2,
        0.2,
        0.2,
        0.2,
        0.2
      ],
      "shares": [
        106,
        63,
        53,
        83,
        76
      ],
      "expected_return": 3.2875154431620315,
      "expected_risk": 1.5492726696965025,
      "sharpe_ratio": 6.330431726113622,
      "total_value": 99219.03088378906,
      "strategy": "equal_weight",
      "portfolio_id": null
    }
  ]
}