{
  "generated_at": "2026-05-01T15:58:44.687004",
  "budget": 100000.0,
  "target_return_range": [
    2.0,
    15.0
  ],
  "suggestions": [
    {
      "symbols": [
        "AMZN",
        "NVDA",
        "GOOGL",
        "MSFT",
        "AAPL"
      ],
      "weights": [
        0.4000000000028011,
        0.06918821935024606,
        0.13081178064415175,
        0.0,
        0.4000000000028011
      ],
      "shares": [
        150,
        34,
        33,
        0,
        147
      ],
      "expected_return": 6.344416289441253,
      "expected_risk": 1.1307016081137322,
      "sharpe_ratio": 20.0287575883349,
      "total_value": 99131.23037719727,
      "strategy": "max_sharpe",
      "portfolio_id": null
    },
    {
      "symbols": [
        "AMZN",
        "NVDA",
        "GOOGL",
        "MSFT",
        "AAPL"
      ],
      "weights": [
        0.3621057186628425,
        0.0,
        0.13486484538474106,
        0.10302943595241641,
        0.4000000000000001
      ],
      "shares": [
        136,
        0,
        35,
        25,
        147
      ],
      "expected_return": 5.387253908074608,
      "expected_risk": 1.079160244083998,
      "sharpe_ratio": 17.260148818767565,
      "total_value": 99599.11010742188,
      "strategy": "min_variance",
      "portfolio_id": null
    },
    {
      "symbols": [
        "AMZN",
        "NVDA",
        "GOOGL",
        "MSFT",
        "AAPL"
      ],
      "weights": [
        0.39999999999996627,
        0.2000000000000756,
        0.0,
        8.208106335719787e-15,
        0.39999999999994995
      ],
      "shares": [
        150,
        100,
        0,
        0,
        147
      ],
      "expected_return": 6.609064397970433,
      "expected_risk": 1.341175841249003,
      "sharpe_ratio": 17.714359101174306,
      "total_value": 99604.45126342773,
      "strategy": "target_return",
      "portfolio_id": null
    },
    {
      "symbols": [
        "AMZN",
        "NVDA",
        "GOOGL",
        "MSFT",
        "AAPL"
      ],
      "weights": [
        0.2,
        0.2,
        0.2,
        0.2,
        0.2
      ],
      "shares": [
        75,
        100,
        51,
        49,
        73
      ],
      "expected_return": 4.038432097540949,
      "expected_risk": 1.3336347037072787,
      "sharpe_ratio": 9.718864373182223,
      "total_value": 99251.0703125,
      "strategy": "equal_weight",
      "portfolio_id": null
    }
  ]
}