{
  "generated_at": "2026-04-15T16:06:26.300257",
  "budget": 100000.0,
  "target_return_range": [
    2.0,
    15.0
  ],
  "suggestions": [
    {
      "symbols": [
        "AAPL",
        "MSFT",
        "AMZN",
        "GOOGL",
        "NVDA"
      ],
      "weights": [
        0.40000000000005276,
        0.0,
        0.3699745660782976,
        0.05571741922730543,
        0.17430801469434418
      ],
      "shares": [
        154,
        0,
        148,
        16,
        88
      ],
      "expected_return": 4.416348383385612,
      "expected_risk": 1.4685348092572659,
      "sharpe_ratio": 9.906924314982422,
      "total_value": 99334.21813964844,
      "strategy": "max_sharpe",
      "portfolio_id": null
    },
    {
      "symbols": [
        "AAPL",
        "MSFT",
        "AMZN",
        "GOOGL",
        "NVDA"
      ],
      "weights": [
        0.4,
        0.2063229165233117,
        0.18732232187759978,
        0.20635476159908855,
        0.0
      ],
      "shares": [
        154,
        52,
        75,
        61,
        0
      ],
      "expected_return": 3.190422364254006,
      "expected_risk": 1.256455324903801,
      "sharpe_ratio": 7.481184362713723,
      "total_value": 99285.5477142334,
      "strategy": "min_variance",
      "portfolio_id": null
    },
    {
      "symbols": [
        "AAPL",
        "MSFT",
        "AMZN",
        "GOOGL",
        "NVDA"
      ],
      "weights": [
        0.3999999999999808,
        4.622778669564196e-14,
        0.19999999999997875,
        0.0,
        0.39999999999999436
      ],
      "shares": [
        154,
        0,
        80,
        0,
        203
      ],
      "expected_return": 4.758848123446985,
      "expected_risk": 1.7140795980352341,
      "sharpe_ratio": 9.326965991468509,
      "total_value": 99672.94715881348,
      "strategy": "target_return",
      "portfolio_id": null
    },
    {
      "symbols": [
        "AAPL",
        "MSFT",
        "AMZN",
        "GOOGL",
        "NVDA"
      ],
      "weights": [
        0.2,
        0.2,
        0.2,
        0.2,
        0.2
      ],
      "shares": [
        77,
        50,
        80,
        60,
        101
      ],
      "expected_return": 2.7050779222977317,
      "expected_risk": 1.4707646231580818,
      "sharpe_ratio": 5.0051022150257065,
      "total_value": 99329.11824035645,
      "strategy": "equal_weight",
      "portfolio_id": null
    }
  ]
}