{
  "generated_at": "2026-04-06T15:46:50.185151",
  "budget": 100000.0,
  "target_return_range": [
    2.0,
    15.0
  ],
  "suggestions": [
    {
      "symbols": [
        "AAPL",
        "MSFT",
        "NVDA",
        "GOOGL",
        "AMZN"
      ],
      "weights": [
        0.40000000000007396,
        0.0,
        0.19999999999985213,
        0.0,
        0.40000000000007396
      ],
      "shares": [
        156,
        0,
        112,
        0,
        190
      ],
      "expected_return": 3.910999867662884,
      "expected_risk": 1.3384589665545228,
      "sharpe_ratio": 9.283959952275108,
      "total_value": 99647.50045776367,
      "strategy": "max_sharpe",
      "portfolio_id": null
    },
    {
      "symbols": [
        "AAPL",
        "MSFT",
        "NVDA",
        "GOOGL",
        "AMZN"
      ],
      "weights": [
        0.3894228770291043,
        0.056049151618590774,
        0.12611922452413796,
        0.02840874682816694,
        0.4
      ],
      "shares": [
        152,
        15,
        71,
        9,
        190
      ],
      "expected_return": 3.7448149522548206,
      "expected_risk": 1.325720858220232,
      "sharpe_ratio": 8.846675924168991,
      "total_value": 99614.66026306152,
      "strategy": "min_variance",
      "portfolio_id": null
    },
    {
      "symbols": [
        "AAPL",
        "MSFT",
        "NVDA",
        "GOOGL",
        "AMZN"
      ],
      "weights": [
        0.4000000000000378,
        0.0,
        0.19999999999992443,
        0.0,
        0.4000000000000378
      ],
      "shares": [
        156,
        0,
        112,
        0,
        190
      ],
      "expected_return": 3.9109998676627504,
      "expected_risk": 1.338458966554548,
      "sharpe_ratio": 9.283959952274513,
      "total_value": 99647.50045776367,
      "strategy": "target_return",
      "portfolio_id": null
    },
    {
      "symbols": [
        "AAPL",
        "MSFT",
        "NVDA",
        "GOOGL",
        "AMZN"
      ],
      "weights": [
        0.2,
        0.2,
        0.2,
        0.2,
        0.2
      ],
      "shares": [
        78,
        53,
        112,
        67,
        95
      ],
      "expected_return": 2.27658915808708,
      "expected_risk": 1.537115022497423,
      "sharpe_ratio": 3.6182552263184546,
      "total_value": 99367.5590057373,
      "strategy": "equal_weight",
      "portfolio_id": null
    }
  ]
}