{
  "generated_at": "2026-03-20T15:44:08.544866",
  "budget": 100000.0,
  "target_return_range": [
    2.0,
    15.0
  ],
  "suggestions": [
    {
      "symbols": [
        "AMZN",
        "AAPL",
        "MSFT",
        "GOOGL",
        "NVDA"
      ],
      "weights": [
        0.2476588277846294,
        0.3523411722153518,
        0.0,
        4.182534057203269e-14,
        0.399999999999977
      ],
      "shares": [
        118,
        141,
        0,
        0,
        224
      ],
      "expected_return": 6.2368560973570455,
      "expected_risk": 1.8414737314176208,
      "sharpe_ratio": 12.052735387437817,
      "total_value": 99734.47975158691,
      "strategy": "max_sharpe",
      "portfolio_id": null
    },
    {
      "symbols": [
        "AMZN",
        "AAPL",
        "MSFT",
        "GOOGL",
        "NVDA"
      ],
      "weights": [
        0.10658447638941367,
        0.15277687880690977,
        0.4,
        0.17535182757195852,
        0.16528681723171806
      ],
      "shares": [
        51,
        61,
        102,
        57,
        92
      ],
      "expected_return": 2.8344655392966605,
      "expected_risk": 1.3666982313817357,
      "sharpe_ratio": 5.783833682491753,
      "total_value": 99447.2890625,
      "strategy": "min_variance",
      "portfolio_id": null
    },
    {
      "symbols": [
        "AMZN",
        "AAPL",
        "MSFT",
        "GOOGL",
        "NVDA"
      ],
      "weights": [
        0.2000000000000127,
        0.39999999999997576,
        5.043314434828767e-14,
        0.0,
        0.39999999999996105
      ],
      "shares": [
        95,
        160,
        0,
        0,
        224
      ],
      "expected_return": 6.288686333228228,
      "expected_risk": 1.8643527445835606,
      "sharpe_ratio": 12.02158908150328,
      "total_value": 99663.24000549316,
      "strategy": "target_return",
      "portfolio_id": null
    },
    {
      "symbols": [
        "AMZN",
        "AAPL",
        "MSFT",
        "GOOGL",
        "NVDA"
      ],
      "weights": [
        0.2,
        0.2,
        0.2,
        0.2,
        0.2
      ],
      "shares": [
        95,
        80,
        51,
        65,
        112
      ],
      "expected_return": 3.5103012080731366,
      "expected_risk": 1.4713371329053437,
      "sharpe_ratio": 7.301701855347762,
      "total_value": 99551.18949890137,
      "strategy": "equal_weight",
      "portfolio_id": null
    }
  ]
}