{
  "generated_at": "2026-03-12T16:01:20.886014",
  "budget": 100000.0,
  "target_return_range": [
    2.0,
    15.0
  ],
  "suggestions": [
    {
      "symbols": [
        "AAPL",
        "GOOGL",
        "AMZN",
        "MSFT",
        "NVDA"
      ],
      "weights": [
        0.20392473852833984,
        0.0,
        0.4000000000000275,
        0.0,
        0.39607526147163263
      ],
      "shares": [
        78,
        0,
        188,
        0,
        212
      ],
      "expected_return": 5.955545139309407,
      "expected_risk": 1.3746333662049541,
      "sharpe_ratio": 15.286468450553992,
      "total_value": 99759.73840332031,
      "strategy": "max_sharpe",
      "portfolio_id": null
    },
    {
      "symbols": [
        "AAPL",
        "GOOGL",
        "AMZN",
        "MSFT",
        "NVDA"
      ],
      "weights": [
        0.19382659702950825,
        0.11629907397449674,
        0.4000000000000001,
        0.2453121241848523,
        0.04456220481114268
      ],
      "shares": [
        74,
        37,
        188,
        60,
        23
      ],
      "expected_return": 2.9847324898651073,
      "expected_risk": 1.1136791865677986,
      "sharpe_ratio": 7.664573927230655,
      "total_value": 99271.52938842773,
      "strategy": "min_variance",
      "portfolio_id": null
    },
    {
      "symbols": [
        "AAPL",
        "GOOGL",
        "AMZN",
        "MSFT",
        "NVDA"
      ],
      "weights": [
        0.199999999999936,
        8.428746825217605e-14,
        0.39999999999996405,
        0.0,
        0.4000000000000156
      ],
      "shares": [
        76,
        0,
        188,
        0,
        215
      ],
      "expected_return": 5.969842799521147,
      "expected_risk": 1.3785991816136434,
      "sharpe_ratio": 15.28605271025475,
      "total_value": 99796.20840454102,
      "strategy": "target_return",
      "portfolio_id": null
    },
    {
      "symbols": [
        "AAPL",
        "GOOGL",
        "AMZN",
        "MSFT",
        "NVDA"
      ],
      "weights": [
        0.2,
        0.2,
        0.2,
        0.2,
        0.2
      ],
      "shares": [
        76,
        64,
        94,
        49,
        107
      ],
      "expected_return": 2.9159639412224023,
      "expected_risk": 1.2753496526056671,
      "sharpe_ratio": 6.466500018750069,
      "total_value": 99311.79013061523,
      "strategy": "equal_weight",
      "portfolio_id": null
    }
  ]
}