{
  "generated_at": "2026-03-18T16:10:05.643799",
  "budget": 100000.0,
  "target_return_range": [
    2.0,
    15.0
  ],
  "suggestions": [
    {
      "symbols": [
        "NVDA",
        "MSFT",
        "GOOGL",
        "AAPL",
        "AMZN"
      ],
      "weights": [
        0.2549897562198892,
        0.0,
        7.989149550405356e-14,
        0.3965011951185258,
        0.3485090486615051
      ],
      "shares": [
        140,
        0,
        0,
        155,
        161
      ],
      "expected_return": 6.734566560103724,
      "expected_risk": 1.4566255113893387,
      "sharpe_ratio": 16.672219016406668,
      "total_value": 99523.04782104492,
      "strategy": "max_sharpe",
      "portfolio_id": null
    },
    {
      "symbols": [
        "NVDA",
        "MSFT",
        "GOOGL",
        "AAPL",
        "AMZN"
      ],
      "weights": [
        0.10184089307369373,
        0.1671903245130471,
        0.20434410850116383,
        0.18686323227710297,
        0.3397614416349924
      ],
      "shares": [
        55,
        41,
        65,
        73,
        157
      ],
      "expected_return": 3.58614652757949,
      "expected_risk": 1.2262773836261711,
      "sharpe_ratio": 9.020647010728833,
      "total_value": 98936.94982910156,
      "strategy": "min_variance",
      "portfolio_id": null
    },
    {
      "symbols": [
        "NVDA",
        "MSFT",
        "GOOGL",
        "AAPL",
        "AMZN"
      ],
      "weights": [
        0.3999999999999866,
        0.0,
        4.643779682719686e-14,
        0.3999999999999865,
        0.19999999999998028
      ],
      "shares": [
        219,
        0,
        0,
        157,
        92
      ],
      "expected_return": 7.029850155599941,
      "expected_risk": 1.581813829625349,
      "sharpe_ratio": 16.136772971539724,
      "total_value": 99555.17744445801,
      "strategy": "target_return",
      "portfolio_id": null
    },
    {
      "symbols": [
        "NVDA",
        "MSFT",
        "GOOGL",
        "AAPL",
        "AMZN"
      ],
      "weights": [
        0.2,
        0.2,
        0.2,
        0.2,
        0.2
      ],
      "shares": [
        109,
        50,
        64,
        78,
        92
      ],
      "expected_return": 3.6773805982874372,
      "expected_risk": 1.268415561224107,
      "sharpe_ratio": 9.023066936248977,
      "total_value": 99328.08963012695,
      "strategy": "equal_weight",
      "portfolio_id": null
    }
  ]
}