{
  "generated_at": "2026-03-26T16:12:52.500679",
  "budget": 100000.0,
  "target_return_range": [
    2.0,
    15.0
  ],
  "suggestions": [
    {
      "symbols": [
        "GOOGL",
        "NVDA",
        "AAPL",
        "AMZN",
        "MSFT"
      ],
      "weights": [
        0.0,
        0.06096300284988445,
        0.39999999999964314,
        0.37969148500060995,
        0.1593455121498625
      ],
      "shares": [
        0,
        34,
        158,
        179,
        42
      ],
      "expected_return": 3.983168755639407,
      "expected_risk": 1.1921962006293805,
      "sharpe_ratio": 10.677192869678475,
      "total_value": 99468.85054016113,
      "strategy": "max_sharpe",
      "portfolio_id": null
    },
    {
      "symbols": [
        "GOOGL",
        "NVDA",
        "AAPL",
        "AMZN",
        "MSFT"
      ],
      "weights": [
        0.06185343995175048,
        0.14312511471293468,
        0.2371006431031684,
        0.3009958436757189,
        0.25692495855642744
      ],
      "shares": [
        21,
        80,
        93,
        142,
        69
      ],
      "expected_return": 3.190568092048356,
      "expected_risk": 1.138323557252559,
      "sharpe_ratio": 8.258096677245193,
      "total_value": 99562.1703491211,
      "strategy": "min_variance",
      "portfolio_id": null
    },
    {
      "symbols": [
        "GOOGL",
        "NVDA",
        "AAPL",
        "AMZN",
        "MSFT"
      ],
      "weights": [
        0.0,
        0.20000000000005555,
        0.3999999999999159,
        0.39999999999997116,
        5.755967510681343e-14
      ],
      "shares": [
        0,
        111,
        158,
        188,
        0
      ],
      "expected_return": 4.0360506659336135,
      "expected_risk": 1.2931132084492645,
      "sharpe_ratio": 10.01568363179221,
      "total_value": 99548.91967773438,
      "strategy": "target_return",
      "portfolio_id": null
    },
    {
      "symbols": [
        "GOOGL",
        "NVDA",
        "AAPL",
        "AMZN",
        "MSFT"
      ],
      "weights": [
        0.2,
        0.2,
        0.2,
        0.2,
        0.2
      ],
      "shares": [
        68,
        111,
        79,
        94,
        53
      ],
      "expected_return": 1.9951462644589202,
      "expected_risk": 1.234922540787206,
      "sharpe_ratio": 3.546468839722544,
      "total_value": 99139.55938720703,
      "strategy": "equal_weight",
      "portfolio_id": null
    }
  ]
}