{
  "generated_at": "2026-04-30T16:20:11.626036",
  "budget": 100000.0,
  "target_return_range": [
    2.0,
    15.0
  ],
  "suggestions": [
    {
      "symbols": [
        "GOOGL",
        "MSFT",
        "AAPL",
        "NVDA",
        "AMZN"
      ],
      "weights": [
        0.09039169711701214,
        3.201635280790298e-15,
        0.40000000000001584,
        0.10960830288295034,
        0.40000000000001845
      ],
      "shares": [
        25,
        0,
        148,
        52,
        152
      ],
      "expected_return": 5.907030034173836,
      "expected_risk": 1.1437387363087343,
      "sharpe_ratio": 18.19430039492295,
      "total_value": 99596.74334716797,
      "strategy": "max_sharpe",
      "portfolio_id": null
    },
    {
      "symbols": [
        "GOOGL",
        "MSFT",
        "AAPL",
        "NVDA",
        "AMZN"
      ],
      "weights": [
        0.12169393694307255,
        0.1473704358869242,
        0.4,
        6.749141897360724e-18,
        0.33093562717000324
      ],
      "shares": [
        34,
        34,
        148,
        0,
        125
      ],
      "expected_return": 4.548318805434009,
      "expected_risk": 1.0358634553069308,
      "sharpe_ratio": 14.580048078720733,
      "total_value": 99194.76284790039,
      "strategy": "min_variance",
      "portfolio_id": null
    },
    {
      "symbols": [
        "GOOGL",
        "MSFT",
        "AAPL",
        "NVDA",
        "AMZN"
      ],
      "weights": [
        2.5558214734672305e-14,
        0.0,
        0.4000000000000053,
        0.19999999999997148,
        0.39999999999999764
      ],
      "shares": [
        0,
        0,
        148,
        95,
        152
      ],
      "expected_return": 6.170607121797779,
      "expected_risk": 1.240864480640747,
      "sharpe_ratio": 17.662323526633113,
      "total_value": 99845.99328613281,
      "strategy": "target_return",
      "portfolio_id": null
    },
    {
      "symbols": [
        "GOOGL",
        "MSFT",
        "AAPL",
        "NVDA",
        "AMZN"
      ],
      "weights": [
        0.2,
        0.2,
        0.2,
        0.2,
        0.2
      ],
      "shares": [
        57,
        47,
        74,
        95,
        76
      ],
      "expected_return": 3.515706790896038,
      "expected_risk": 1.307490081084344,
      "sharpe_ratio": 8.234072806128966,
      "total_value": 99758.57138061523,
      "strategy": "equal_weight",
      "portfolio_id": null
    }
  ]
}