{
  "generated_at": "2026-03-11T15:50:31.703677",
  "budget": 100000.0,
  "target_return_range": [
    2.0,
    15.0
  ],
  "suggestions": [
    {
      "symbols": [
        "MSFT",
        "AAPL",
        "GOOGL",
        "NVDA",
        "AMZN"
      ],
      "weights": [
        1.434645844318899e-14,
        0.34102308149832344,
        0.0,
        0.33051274655789714,
        0.328464171943765
      ],
      "shares": [
        0,
        130,
        0,
        178,
        153
      ],
      "expected_return": 6.439708125016717,
      "expected_risk": 1.278936764499839,
      "sharpe_ratio": 18.020260862765344,
      "total_value": 99589.44929504395,
      "strategy": "max_sharpe",
      "portfolio_id": null
    },
    {
      "symbols": [
        "MSFT",
        "AAPL",
        "GOOGL",
        "NVDA",
        "AMZN"
      ],
      "weights": [
        0.2927906908753575,
        0.3431391586019642,
        0.1156869172595422,
        0.06632061321739624,
        0.18206262004574003
      ],
      "shares": [
        72,
        131,
        37,
        35,
        84
      ],
      "expected_return": 2.9576902312291007,
      "expected_risk": 1.0328858631191513,
      "sharpe_ratio": 8.154142941711685,
      "total_value": 99214.59956359863,
      "strategy": "min_variance",
      "portfolio_id": null
    },
    {
      "symbols": [
        "MSFT",
        "AAPL",
        "GOOGL",
        "NVDA",
        "AMZN"
      ],
      "weights": [
        2.473668798763299e-14,
        0.1999999999999986,
        0.0,
        0.40000000000000757,
        0.3999999999999691
      ],
      "shares": [
        0,
        76,
        0,
        216,
        186
      ],
      "expected_return": 6.790475290999481,
      "expected_risk": 1.3908733850095916,
      "sharpe_ratio": 17.629208010379614,
      "total_value": 99598.78024291992,
      "strategy": "target_return",
      "portfolio_id": null
    },
    {
      "symbols": [
        "MSFT",
        "AAPL",
        "GOOGL",
        "NVDA",
        "AMZN"
      ],
      "weights": [
        0.2,
        0.2,
        0.2,
        0.2,
        0.2
      ],
      "shares": [
        49,
        76,
        65,
        108,
        93
      ],
      "expected_return": 3.184379395553343,
      "expected_risk": 1.152925400228473,
      "sharpe_ratio": 8.130962730679052,
      "total_value": 99550.7706451416,
      "strategy": "equal_weight",
      "portfolio_id": null
    }
  ]
}