{
  "generated_at": "2026-03-19T15:56:37.120258",
  "budget": 100000.0,
  "target_return_range": [
    2.0,
    15.0
  ],
  "suggestions": [
    {
      "symbols": [
        "AAPL",
        "MSFT",
        "GOOGL",
        "AMZN",
        "NVDA"
      ],
      "weights": [
        0.32392937525535986,
        3.827322721153315e-14,
        0.0,
        0.39999999999995767,
        0.27607062474464417
      ],
      "shares": [
        129,
        0,
        0,
        190,
        153
      ],
      "expected_return": 6.36987471922252,
      "expected_risk": 1.47522591507923,
      "sharpe_ratio": 15.423721605358452,
      "total_value": 99718.75845336914,
      "strategy": "max_sharpe",
      "portfolio_id": null
    },
    {
      "symbols": [
        "AAPL",
        "MSFT",
        "GOOGL",
        "AMZN",
        "NVDA"
      ],
      "weights": [
        0.08205724925435709,
        0.23965068659498254,
        0.19383213854657239,
        0.32835988344882494,
        0.15610004215526305
      ],
      "shares": [
        32,
        61,
        62,
        156,
        86
      ],
      "expected_return": 3.339900802418768,
      "expected_risk": 1.2219417533950196,
      "sharpe_ratio": 8.206269522649302,
      "total_value": 99228.16946411133,
      "strategy": "min_variance",
      "portfolio_id": null
    },
    {
      "symbols": [
        "AAPL",
        "MSFT",
        "GOOGL",
        "AMZN",
        "NVDA"
      ],
      "weights": [
        0.39999999999993724,
        0.0,
        2.0958148142353774e-14,
        0.20000000000011325,
        0.3999999999999286
      ],
      "shares": [
        160,
        0,
        0,
        95,
        221
      ],
      "expected_return": 6.572010131633987,
      "expected_risk": 1.6165295750614095,
      "sharpe_ratio": 14.600687123528846,
      "total_value": 99796.44857788086,
      "strategy": "target_return",
      "portfolio_id": null
    },
    {
      "symbols": [
        "AAPL",
        "MSFT",
        "GOOGL",
        "AMZN",
        "NVDA"
      ],
      "weights": [
        0.2,
        0.2,
        0.2,
        0.2,
        0.2
      ],
      "shares": [
        80,
        51,
        65,
        95,
        110
      ],
      "expected_return": 3.7105408150806083,
      "expected_risk": 1.265753423641388,
      "sharpe_ratio": 9.152075914673086,
      "total_value": 99757.98965454102,
      "strategy": "equal_weight",
      "portfolio_id": null
    }
  ]
}