{
  "generated_at": "2026-03-31T16:07:08.014519",
  "budget": 100000.0,
  "target_return_range": [
    2.0,
    15.0
  ],
  "suggestions": [
    {
      "symbols": [
        "AAPL",
        "MSFT",
        "GOOGL",
        "AMZN",
        "NVDA"
      ],
      "weights": [
        0.15861173254737085,
        0.33016644812797874,
        0.0,
        0.4000000000000096,
        0.11122181932464076
      ],
      "shares": [
        64,
        91,
        0,
        199,
        67
      ],
      "expected_return": 4.617010258650023,
      "expected_risk": 1.6664919658871458,
      "sharpe_ratio": 9.235833955678856,
      "total_value": 99505.11880493164,
      "strategy": "max_sharpe",
      "portfolio_id": null
    },
    {
      "symbols": [
        "AAPL",
        "MSFT",
        "GOOGL",
        "AMZN",
        "NVDA"
      ],
      "weights": [
        0.2586599432369494,
        0.12761835908720778,
        0.10158109165829897,
        0.4,
        0.11214060601754386
      ],
      "shares": [
        104,
        35,
        37,
        199,
        67
      ],
      "expected_return": 3.5982054448436163,
      "expected_risk": 1.561141187887183,
      "sharpe_ratio": 7.1181664758142436,
      "total_value": 99388.05947875977,
      "strategy": "min_variance",
      "portfolio_id": null
    },
    {
      "symbols": [
        "AAPL",
        "MSFT",
        "GOOGL",
        "AMZN",
        "NVDA"
      ],
      "weights": [
        0.2,
        0.2,
        0.2,
        0.2,
        0.2
      ],
      "shares": [
        81,
        55,
        73,
        99,
        121
      ],
      "expected_return": 2.5133059249559997,
      "expected_risk": 1.7198342761709167,
      "sharpe_ratio": 3.8119282626638875,
      "total_value": 99564.94940185547,
      "strategy": "target_return",
      "portfolio_id": null
    },
    {
      "symbols": [
        "AAPL",
        "MSFT",
        "GOOGL",
        "AMZN",
        "NVDA"
      ],
      "weights": [
        0.2,
        0.2,
        0.2,
        0.2,
        0.2
      ],
      "shares": [
        81,
        55,
        73,
        99,
        121
      ],
      "expected_return": 2.5133059249559997,
      "expected_risk": 1.7198342761709167,
      "sharpe_ratio": 3.8119282626638875,
      "total_value": 99564.94940185547,
      "strategy": "equal_weight",
      "portfolio_id": null
    }
  ]
}