{
  "generated_at": "2026-04-03T15:40:14.839737",
  "budget": 100000.0,
  "target_return_range": [
    2.0,
    15.0
  ],
  "suggestions": [
    {
      "symbols": [
        "AAPL",
        "AMZN",
        "NVDA",
        "MSFT",
        "GOOGL"
      ],
      "weights": [
        0.399999999999997,
        0.399999999999997,
        0.20000000000000598,
        0.0,
        0.0
      ],
      "shares": [
        156,
        190,
        112,
        0,
        0
      ],
      "expected_return": 4.241603622781893,
      "expected_risk": 1.3694277915433632,
      "sharpe_ratio": 10.08796177497301,
      "total_value": 99647.50045776367,
      "strategy": "max_sharpe",
      "portfolio_id": null
    },
    {
      "symbols": [
        "AAPL",
        "AMZN",
        "NVDA",
        "MSFT",
        "GOOGL"
      ],
      "weights": [
        0.4000000000000001,
        0.4000000000000001,
        0.10980267372834941,
        0.047550523417788745,
        0.04264680285386173
      ],
      "shares": [
        156,
        190,
        61,
        12,
        14
      ],
      "expected_return": 3.9958728402445924,
      "expected_risk": 1.3525813745116881,
      "sharpe_ratio": 9.450570715345727,
      "total_value": 99222.91023254395,
      "strategy": "min_variance",
      "portfolio_id": null
    },
    {
      "symbols": [
        "AAPL",
        "AMZN",
        "NVDA",
        "MSFT",
        "GOOGL"
      ],
      "weights": [
        0.4000000000000008,
        0.39999999999998875,
        0.1999999999999284,
        2.966264669194607e-14,
        5.2413837636620985e-14
      ],
      "shares": [
        156,
        190,
        112,
        0,
        0
      ],
      "expected_return": 4.241603622781624,
      "expected_risk": 1.369427791543335,
      "sharpe_ratio": 10.087961774972394,
      "total_value": 99647.50045776367,
      "strategy": "target_return",
      "portfolio_id": null
    },
    {
      "symbols": [
        "AAPL",
        "AMZN",
        "NVDA",
        "MSFT",
        "GOOGL"
      ],
      "weights": [
        0.2,
        0.2,
        0.2,
        0.2,
        0.2
      ],
      "shares": [
        78,
        95,
        112,
        53,
        67
      ],
      "expected_return": 2.571236251319045,
      "expected_risk": 1.580744151076274,
      "sharpe_ratio": 4.301260422491855,
      "total_value": 99367.5590057373,
      "strategy": "equal_weight",
      "portfolio_id": null
    }
  ]
}